Project,Date,Chin,site_no,temperature_c,temperature_f
Bonneville,2008-03-03,1,453630122021400,5.087499999999998,41.1575
Bonneville,2008-03-04,1,453630122021400,5.058333333333332,41.105
Bonneville,2008-03-06,1,453630122021400,5.070833333333331,41.1275
Bonneville,2008-03-07,1,453630122021400,5.083333333333331,41.15
Bonneville,2008-03-08,3,453630122021400,5.2125,41.3825
Bonneville,2008-03-09,6,453630122021400,5.395652173913043,41.71217391304348
Bonneville,2008-03-10,4,453630122021400,5.6833333333333345,42.230000000000004
Bonneville,2008-03-11,1,453630122021400,5.754166666666667,42.3575
Bonneville,2008-03-12,10,453630122021400,5.908333333333332,42.635
Bonneville,2008-03-13,5,453630122021400,5.8833333333333355,42.59
Bonneville,2008-03-14,6,453630122021400,5.858333333333335,42.545
Bonneville,2008-03-15,4,453630122021400,5.908333333333334,42.635000000000005
Bonneville,2008-03-16,6,453630122021400,5.995833333333334,42.792500000000004
Bonneville,2008-03-17,5,453630122021400,6.112499999999997,43.0025
Bonneville,2008-03-18,11,453630122021400,6.291666666666669,43.325
Bonneville,2008-03-19,7,453630122021400,6.383333333333334,43.49
Bonneville,2008-03-20,3,453630122021400,6.4125000000000005,43.542500000000004
Bonneville,2008-03-21,5,453630122021400,6.533333333333334,43.760000000000005
Bonneville,2008-03-22,2,453630122021400,6.433333333333334,43.58
Bonneville,2008-03-23,12,453630122021400,6.437500000000003,43.587500000000006
Bonneville,2008-03-24,2,453630122021400,6.533333333333332,43.76
Bonneville,2008-03-25,10,453630122021400,6.662500000000001,43.99250000000001
Bonneville,2008-03-26,3,453630122021400,6.804166666666668,44.2475
Bonneville,2008-03-27,4,453630122021400,6.729166666666669,44.112500000000004
Bonneville,2008-03-28,12,453630122021400,6.649999999999999,43.97
Bonneville,2008-03-29,4,453630122021400,6.495833333333334,43.6925
Bonneville,2008-03-30,20,453630122021400,6.45,43.61
Bonneville,2008-03-31,21,453630122021400,6.616666666666666,43.91
Bonneville,2008-04-01,26,453630122021400,6.729166666666668,44.112500000000004
Bonneville,2008-04-02,42,453630122021400,6.929166666666666,44.4725
Bonneville,2008-04-03,62,453630122021400,7.05833333333333,44.705
Bonneville,2008-04-04,87,453630122021400,7.108333333333332,44.794999999999995
Bonneville,2008-04-05,71,453630122021400,7.083333333333332,44.75
Bonneville,2008-04-06,91,453630122021400,7.1166666666666645,44.809999999999995
Bonneville,2008-04-07,111,453630122021400,7.166666666666667,44.9
Bonneville,2008-04-08,109,453630122021400,7.258333333333336,45.065000000000005
Bonneville,2008-04-09,180,453630122021400,7.375000000000003,45.275000000000006
Bonneville,2008-04-10,509,453630122021400,7.429166666666668,45.3725
Bonneville,2008-04-11,1373,453630122021400,7.591666666666664,45.66499999999999
Bonneville,2008-04-12,1475,453630122021400,7.937499999999999,46.287499999999994
Bonneville,2008-04-13,1293,453630122021400,8.187500000000002,46.737500000000004
Bonneville,2008-04-14,1286,453630122021400,8.249999999999996,46.849999999999994
Bonneville,2008-04-15,954,453630122021400,8.129166666666663,46.63249999999999
Bonneville,2008-04-16,750,453630122021400,8.19166666666667,46.745000000000005
Bonneville,2008-04-17,407,453630122021400,8.350000000000003,47.03000000000001
Bonneville,2008-04-18,449,453630122021400,8.420833333333336,47.157500000000006
Bonneville,2008-04-19,1612,453630122021400,8.450000000000001,47.21
Bonneville,2008-04-20,2618,453630122021400,8.5875,47.4575
Bonneville,2008-04-21,2708,453630122021400,8.750000000000005,47.750000000000014
Bonneville,2008-04-22,1582,453630122021400,8.716666666666663,47.69
Bonneville,2008-04-23,934,453630122021400,8.72916666666667,47.712500000000006
Bonneville,2008-04-24,572,453630122021400,8.758333333333338,47.76500000000001
Bonneville,2008-04-25,1570,453630122021400,9.029166666666667,48.2525
Bonneville,2008-04-26,1514,453630122021400,9.42083333333333,48.957499999999996
Bonneville,2008-04-27,3523,453630122021400,9.566666666666665,49.22
Bonneville,2008-04-28,3643,453630122021400,9.712499999999997,49.482499999999995
Bonneville,2008-04-29,3994,453630122021400,9.862500000000002,49.752500000000005
Bonneville,2008-04-30,6645,453630122021400,9.962499999999999,49.9325
Bonneville,2009-03-02,1,453630122021400,3.733333333333334,38.72
Bonneville,2009-03-06,3,453630122021400,4.2250000000000005,39.605000000000004
Bonneville,2009-03-08,1,453630122021400,4.230434782608695,39.61478260869565
Bonneville,2009-03-09,12,453630122021400,4.270833333333333,39.6875
Bonneville,2009-03-12,2,453630122021400,4.033333333333332,39.26
Bonneville,2009-03-13,4,453630122021400,4.108333333333333,39.395
Bonneville,2009-03-15,2,453630122021400,4.454166666666666,40.0175
Bonneville,2009-03-16,3,453630122021400,4.545833333333332,40.1825
Bonneville,2009-03-17,2,453630122021400,4.633333333333334,40.34
Bonneville,2009-03-18,3,453630122021400,4.841666666666668,40.715
Bonneville,2009-03-19,14,453630122021400,5.1208333333333345,41.2175
Bonneville,2009-03-20,3,453630122021400,5.275000000000001,41.495000000000005
Bonneville,2009-03-21,10,453630122021400,5.429166666666666,41.7725
Bonneville,2009-03-22,7,453630122021400,5.529166666666665,41.9525
Bonneville,2009-03-23,9,453630122021400,5.579166666666665,42.0425
Bonneville,2009-03-24,10,453630122021400,5.7375,42.3275
Bonneville,2009-03-25,9,453630122021400,5.804166666666666,42.4475
Bonneville,2009-03-26,12,453630122021400,5.925,42.665
Bonneville,2009-03-27,10,453630122021400,6.074999999999998,42.934999999999995
Bonneville,2009-03-28,6,453630122021400,6.183333333333333,43.129999999999995
Bonneville,2009-03-29,9,453630122021400,6.262500000000002,43.27250000000001
Bonneville,2009-03-30,9,453630122021400,6.329166666666669,43.392500000000005
Bonneville,2009-03-31,23,453630122021400,6.404166666666669,43.5275
Bonneville,2009-04-01,10,453630122021400,6.391666666666669,43.505
Bonneville,2009-04-02,12,453630122021400,6.508333333333332,43.714999999999996
Bonneville,2009-04-03,47,453630122021400,6.558333333333331,43.80499999999999
Bonneville,2009-04-04,42,453630122021400,6.783333333333335,44.21
Bonneville,2009-04-05,65,453630122021400,7.066666666666664,44.72
Bonneville,2009-04-06,100,453630122021400,7.237500000000002,45.0275
Bonneville,2009-04-07,79,453630122021400,7.404166666666666,45.3275
Bonneville,2009-04-08,88,453630122021400,7.579166666666663,45.64249999999999
Bonneville,2009-04-09,130,453630122021400,7.75416666666667,45.95750000000001
Bonneville,2009-04-10,179,453630122021400,7.870833333333334,46.167500000000004
Bonneville,2009-04-11,97,453630122021400,7.866666666666667,46.160000000000004
Bonneville,2009-04-12,101,453630122021400,7.970833333333332,46.3475
Bonneville,2009-04-13,74,453630122021400,8.049999999999999,46.489999999999995
Bonneville,2009-04-14,89,453630122021400,7.975000000000001,46.355000000000004
Bonneville,2009-04-15,55,453630122021400,8.041666666666663,46.474999999999994
Bonneville,2010-03-01,3,453630122021400,6.166666666666665,43.099999999999994
Bonneville,2010-03-06,1,453630122021400,6.404166666666668,43.5275
Bonneville,2010-03-08,1,453630122021400,6.504166666666666,43.707499999999996
Bonneville,2010-03-09,1,453630122021400,6.4750000000000005,43.655
Bonneville,2010-03-10,2,453630122021400,6.4333333333333345,43.58
Bonneville,2010-03-11,4,453630122021400,6.408333333333336,43.535000000000004
Bonneville,2010-03-12,6,453630122021400,6.433333333333334,43.58
Bonneville,2010-03-13,7,453630122021400,6.370833333333336,43.4675
Bonneville,2010-03-14,9,453630122021400,6.391304347826088,43.504347826086956
Bonneville,2010-03-15,7,453630122021400,6.608333333333331,43.894999999999996
Bonneville,2010-03-16,11,453630122021400,6.741666666666668,44.135000000000005
Bonneville,2010-03-17,6,453630122021400,7.0041666666666655,44.6075
Bonneville,2010-03-18,14,453630122021400,7.074999999999998,44.735
Bonneville,2010-03-19,25,453630122021400,7.141666666666666,44.855
Bonneville,2010-03-20,11,453630122021400,7.233333333333335,45.02
Bonneville,2010-03-21,9,453630122021400,7.479166666666667,45.4625
Bonneville,2010-03-22,22,453630122021400,7.633333333333332,45.739999999999995
Bonneville,2010-03-23,16,453630122021400,7.745833333333331,45.942499999999995
Bonneville,2010-03-24,24,453630122021400,7.804166666666668,46.0475
Bonneville,2010-03-25,35,453630122021400,7.970833333333334,46.347500000000004
Bonneville,2010-03-26,32,453630122021400,7.958333333333335,46.325
Bonneville,2010-03-27,23,453630122021400,8.066666666666665,46.519999999999996
Bonneville,2010-03-28,26,453630122021400,8.141666666666664,46.654999999999994
Bonneville,2010-03-29,45,453630122021400,8.049999999999999,46.489999999999995
Bonneville,2010-03-30,74,453630122021400,7.829166666666669,46.0925
Bonneville,2010-03-31,54,453630122021400,7.812500000000003,46.06250000000001
Bonneville,2010-04-01,166,453630122021400,7.966666666666666,46.339999999999996
Bonneville,2010-04-02,227,453630122021400,7.9375000000000036,46.28750000000001
Bonneville,2010-04-03,159,453630122021400,7.7541666666666655,45.957499999999996
Bonneville,2010-04-04,168,453630122021400,7.666666666666664,45.8
Bonneville,2010-04-05,88,453630122021400,7.787500000000001,46.017500000000005
Bonneville,2010-04-06,229,453630122021400,8.045833333333329,46.482499999999995
Bonneville,2010-04-07,338,453630122021400,8.245833333333337,46.84250000000001
Bonneville,2010-04-08,687,453630122021400,8.275000000000004,46.89500000000001
Bonneville,2010-04-09,1068,453630122021400,8.370833333333334,47.0675
Bonneville,2010-04-10,3546,453630122021400,8.312499999999998,46.9625
Bonneville,2010-04-11,1136,453630122021400,8.670833333333336,47.6075
Bonneville,2010-04-12,1470,453630122021400,9.029166666666667,48.2525
Bonneville,2010-04-13,1839,453630122021400,9.124999999999996,48.425
Bonneville,2010-04-14,3794,453630122021400,9.258333333333336,48.665000000000006
Bonneville,2010-04-15,7719,453630122021400,9.512499999999998,49.122499999999995
Bonneville,2010-04-16,6528,453630122021400,9.791666666666668,49.625
Bonneville,2010-04-17,7833,453630122021400,9.987499999999999,49.9775
Bonneville,2010-04-18,2492,453630122021400,10.170833333333333,50.3075
Bonneville,2010-04-19,7762,453630122021400,10.300000000000002,50.540000000000006
Bonneville,2010-04-20,9014,453630122021400,10.304166666666664,50.5475
Bonneville,2010-04-21,11697,453630122021400,9.995833333333335,49.99250000000001
Bonneville,2010-04-22,7407,453630122021400,9.97083333333333,49.94749999999999
Bonneville,2010-04-23,6619,453630122021400,10.174999999999999,50.315
Bonneville,2010-04-24,5773,453630122021400,10.379166666666666,50.682500000000005
Bonneville,2010-04-25,7284,453630122021400,10.69166666666667,51.245000000000005
Bonneville,2010-04-26,6469,453630122021400,10.837500000000004,51.50750000000001
Bonneville,2010-04-27,9073,453630122021400,10.916666666666666,51.65
Bonneville,2010-04-28,8122,453630122021400,11.070833333333331,51.927499999999995
Bonneville,2010-04-29,8788,453630122021400,11.12083333333333,52.0175
Bonneville,2010-04-30,5996,453630122021400,11.129166666666663,52.0325
Bonneville,2010-05-01,7764,453630122021400,11.175000000000002,52.11500000000001
Bonneville,2010-05-02,7651,453630122021400,11.208333333333336,52.175000000000004
Bonneville,2010-05-03,9184,453630122021400,11.241666666666667,52.235
Bonneville,2010-05-04,4808,453630122021400,11.133333333333331,52.03999999999999
Bonneville,2010-05-05,4289,453630122021400,11.14166666666666,52.05499999999999
Bonneville,2010-05-06,6732,453630122021400,11.112499999999997,52.0025
Bonneville,2010-05-07,7549,453630122021400,11.154166666666667,52.0775
Bonneville,2010-05-08,5655,453630122021400,11.35,52.43
Bonneville,2010-05-09,7306,453630122021400,11.554166666666667,52.7975
Bonneville,2010-05-10,6614,453630122021400,11.674999999999999,53.015
Bonneville,2010-05-11,2807,453630122021400,11.612499999999997,52.902499999999996
Bonneville,2010-05-12,3681,453630122021400,11.658333333333337,52.98500000000001
Bonneville,2010-05-13,2482,453630122021400,11.925000000000002,53.465
Bonneville,2010-05-14,2985,453630122021400,12.375000000000002,54.275000000000006
Bonneville,2010-05-15,4998,453630122021400,12.795833333333333,55.0325
Bonneville,2010-05-16,2814,453630122021400,13.120833333333335,55.61750000000001
Bonneville,2010-05-17,2219,453630122021400,13.179166666666667,55.7225
Bonneville,2010-05-18,1256,453630122021400,13.025,55.445
Bonneville,2010-05-19,1219,453630122021400,13.079166666666666,55.542500000000004
Bonneville,2010-05-20,709,453630122021400,13.04166666666667,55.47500000000001
Bonneville,2010-05-21,761,453630122021400,13.0875,55.557500000000005
Bonneville,2010-05-22,728,453630122021400,13.024999999999999,55.44499999999999
Bonneville,2010-05-23,947,453630122021400,12.933333333333332,55.28
Bonneville,2010-05-24,1564,453630122021400,12.825000000000001,55.085
Bonneville,2010-05-25,1232,453630122021400,13.054166666666662,55.49749999999999
Bonneville,2010-05-26,1138,453630122021400,13.249999999999998,55.849999999999994
Bonneville,2010-05-27,1829,453630122021400,13.399999999999997,56.11999999999999
Bonneville,2010-05-28,1563,453630122021400,13.245833333333335,55.8425
Bonneville,2010-05-29,2282,453630122021400,13.1,55.58
Bonneville,2010-05-30,2625,453630122021400,13.249999999999998,55.849999999999994
Bonneville,2010-05-31,3069,453630122021400,13.595833333333333,56.4725
Bonneville,2011-03-02,2,453630122021400,3.4499999999999997,38.21
Bonneville,2011-03-03,1,453630122021400,3.445833333333333,38.2025
Bonneville,2011-03-05,2,453630122021400,3.4249999999999994,38.165
Bonneville,2011-03-06,3,453630122021400,3.5166666666666653,38.33
Bonneville,2011-03-07,7,453630122021400,3.570833333333333,38.4275
Bonneville,2011-03-08,1,453630122021400,3.641666666666668,38.555
Bonneville,2011-03-09,2,453630122021400,3.7791666666666672,38.8025
Bonneville,2011-03-10,5,453630122021400,4.120833333333334,39.417500000000004
Bonneville,2011-03-11,4,453630122021400,4.412499999999999,39.942499999999995
Bonneville,2011-03-12,5,453630122021400,4.475,40.055
Bonneville,2011-03-13,1,453630122021400,4.565217391304347,40.21739130434783
Bonneville,2011-03-14,2,453630122021400,4.658333333333334,40.385000000000005
Bonneville,2011-03-15,1,453630122021400,4.758333333333333,40.565
Bonneville,2011-03-16,9,453630122021400,4.958333333333332,40.925
Bonneville,2011-03-17,4,453630122021400,5.066666666666665,41.12
Bonneville,2011-03-18,3,453630122021400,5.074999999999998,41.135
Bonneville,2011-03-19,2,453630122021400,5.1499999999999995,41.269999999999996
Bonneville,2011-03-20,6,453630122021400,5.266666666666667,41.480000000000004
Bonneville,2011-03-21,3,453630122021400,5.304166666666668,41.5475
Bonneville,2011-03-22,10,453630122021400,5.524999999999999,41.945
Bonneville,2011-03-23,14,453630122021400,5.616666666666666,42.11
Bonneville,2011-03-24,9,453630122021400,5.637499999999999,42.1475
Bonneville,2011-03-25,15,453630122021400,5.658333333333334,42.185
Bonneville,2011-03-26,4,453630122021400,5.875,42.575
Bonneville,2011-03-27,1,453630122021400,5.941666666666667,42.695
Bonneville,2011-03-28,6,453630122021400,6.129166666666667,43.0325
Bonneville,2011-03-29,8,453630122021400,6.391666666666668,43.505
Bonneville,2011-03-30,12,453630122021400,6.687500000000001,44.0375
Bonneville,2011-03-31,17,453630122021400,7.066666666666664,44.72
Bonneville,2011-04-01,37,453630122021400,7.245833333333336,45.042500000000004
Bonneville,2011-04-02,42,453630122021400,7.300000000000002,45.14
Bonneville,2011-04-03,28,453630122021400,7.433333333333336,45.38000000000001
Bonneville,2011-04-04,14,453630122021400,7.574999999999997,45.63499999999999
Bonneville,2011-04-05,44,453630122021400,7.76666666666667,45.980000000000004
Bonneville,2011-04-06,27,453630122021400,7.8999999999999995,46.22
Bonneville,2011-04-07,72,453630122021400,7.883333333333333,46.19
Bonneville,2011-04-08,84,453630122021400,7.970833333333334,46.347500000000004
Bonneville,2011-04-09,66,453630122021400,8.066666666666665,46.519999999999996
Bonneville,2011-04-10,72,453630122021400,8.020833333333334,46.4375
Bonneville,2011-04-11,50,453630122021400,7.920833333333337,46.25750000000001
Bonneville,2011-04-12,79,453630122021400,7.925,46.265
Bonneville,2011-04-13,76,453630122021400,8.029166666666667,46.4525
Bonneville,2011-04-14,85,453630122021400,7.937500000000003,46.28750000000001
Bonneville,2011-04-15,138,453630122021400,7.945833333333333,46.3025
Bonneville,2011-04-16,119,453630122021400,7.970833333333334,46.347500000000004
Bonneville,2011-04-17,113,453630122021400,7.99583333333333,46.3925
Bonneville,2011-04-18,253,453630122021400,8.120833333333332,46.6175
Bonneville,2011-04-19,231,453630122021400,8.195833333333335,46.752500000000005
Bonneville,2011-04-20,217,453630122021400,8.312500000000002,46.962500000000006
Bonneville,2011-04-21,361,453630122021400,8.320833333333335,46.977500000000006
Bonneville,2011-04-22,496,453630122021400,8.370833333333334,47.0675
Bonneville,2011-04-23,410,453630122021400,8.516666666666664,47.33
Bonneville,2011-04-24,539,453630122021400,8.800000000000002,47.84
Bonneville,2011-04-25,1019,453630122021400,8.98333333333333,48.169999999999995
Bonneville,2011-04-26,4787,453630122021400,9.029166666666663,48.2525
Bonneville,2011-04-27,4690,453630122021400,9.158333333333333,48.485
Bonneville,2011-04-28,5846,453630122021400,9.241666666666669,48.635000000000005
Bonneville,2011-04-29,5927,453630122021400,9.266666666666671,48.68000000000001
Bonneville,2011-04-30,8657,453630122021400,9.424999999999997,48.964999999999996
Bonneville,2011-05-01,15766,453630122021400,9.64166666666667,49.355000000000004
Bonneville,2011-05-02,8402,453630122021400,9.85416666666667,49.737500000000004
Bonneville,2011-05-03,9832,453630122021400,9.895833333333332,49.8125
Bonneville,2011-05-04,6478,453630122021400,10.041666666666666,50.075
Bonneville,2011-05-05,7515,453630122021400,10.149999999999995,50.269999999999996
Bonneville,2011-05-06,10131,453630122021400,10.3,50.540000000000006
Bonneville,2011-05-07,7870,453630122021400,10.425,50.765
Bonneville,2011-05-08,5839,453630122021400,10.449999999999998,50.809999999999995
Bonneville,2011-05-09,9255,453630122021400,10.52083333333333,50.9375
Bonneville,2011-05-10,9754,453630122021400,10.933333333333332,51.67999999999999
Bonneville,2011-05-11,4625,453630122021400,11.133333333333333,52.04
Bonneville,2011-05-12,6623,453630122021400,11.333333333333334,52.400000000000006
Bonneville,2011-05-13,4979,453630122021400,11.574999999999996,52.834999999999994
Bonneville,2011-05-14,4392,453630122021400,11.795833333333334,53.2325
Bonneville,2011-05-15,3099,453630122021400,11.808333333333335,53.255
Bonneville,2011-05-16,2979,453630122021400,11.708333333333334,53.075
Bonneville,2011-05-17,1788,453630122021400,12.000000000000002,53.60000000000001
Bonneville,2011-05-18,1160,453630122021400,12.129166666666668,53.8325
Bonneville,2011-05-19,912,453630122021400,12.233333333333329,54.019999999999996
Bonneville,2011-05-20,1005,453630122021400,12.329166666666666,54.192499999999995
Bonneville,2011-05-21,1048,453630122021400,12.287499999999996,54.11749999999999
Bonneville,2011-05-22,582,453630122021400,12.341666666666667,54.215
Bonneville,2011-05-23,603,453630122021400,12.425000000000004,54.36500000000001
Bonneville,2011-05-24,657,453630122021400,12.47916666666667,54.462500000000006
Bonneville,2011-05-25,607,453630122021400,12.333333333333336,54.2
Bonneville,2011-05-26,443,453630122021400,11.925000000000002,53.465
Bonneville,2011-05-27,800,453630122021400,11.987499999999999,53.5775
Bonneville,2011-05-28,1065,453630122021400,12.083333333333336,53.75
Bonneville,2011-05-29,914,453630122021400,12.266666666666666,54.08
Bonneville,2011-05-30,1241,453630122021400,12.479166666666666,54.4625
Bonneville,2011-05-31,2030,453630122021400,12.683333333333335,54.830000000000005
Bonneville,2012-03-04,2,453630122021400,5.049999999999999,41.089999999999996
Bonneville,2012-03-06,1,453630122021400,5.066666666666664,41.12
Bonneville,2012-03-07,3,453630122021400,5.049999999999998,41.089999999999996
Bonneville,2012-03-11,4,453630122021400,5.382608695652175,41.68869565217392
Bonneville,2012-03-12,1,453630122021400,5.354166666666667,41.6375
Bonneville,2012-03-14,2,453630122021400,5.1291666666666655,41.2325
Bonneville,2012-03-15,3,453630122021400,5.033333333333331,41.059999999999995
Bonneville,2012-03-16,3,453630122021400,5.333333333333335,41.6
Bonneville,2012-03-17,2,453630122021400,5.7458333333333345,42.3425
Bonneville,2012-03-18,2,453630122021400,5.879166666666667,42.5825
Bonneville,2012-03-19,3,453630122021400,5.795833333333333,42.432500000000005
Bonneville,2012-03-20,1,453630122021400,5.629166666666664,42.13249999999999
Bonneville,2012-03-21,1,453630122021400,5.545833333333334,41.9825
Bonneville,2012-03-23,1,453630122021400,5.812500000000001,42.462500000000006
Bonneville,2012-03-26,2,453630122021400,6.295833333333335,43.3325
Bonneville,2012-03-27,1,453630122021400,6.354166666666669,43.4375
Bonneville,2012-03-28,3,453630122021400,6.266666666666668,43.28
Bonneville,2012-03-30,2,453630122021400,6.279166666666665,43.302499999999995
Bonneville,2012-03-31,1,453630122021400,6.312500000000001,43.362500000000004
Bonneville,2012-04-01,2,453630122021400,6.416666666666669,43.550000000000004
Bonneville,2012-04-02,1,453630122021400,6.704166666666668,44.0675
Bonneville,2012-04-03,3,453630122021400,6.900000000000001,44.42
Bonneville,2012-04-04,4,453630122021400,7.0666666666666655,44.72
Bonneville,2012-04-05,17,453630122021400,7.012499999999999,44.6225
Bonneville,2012-04-06,20,453630122021400,7.049999999999997,44.69
Bonneville,2012-04-07,6,453630122021400,7.041666666666664,44.675
Bonneville,2012-04-08,6,453630122021400,7.25416666666667,45.057500000000005
Bonneville,2012-04-09,15,453630122021400,7.583333333333329,45.64999999999999
Bonneville,2012-04-10,16,453630122021400,7.829166666666668,46.0925
Bonneville,2012-04-11,9,453630122021400,7.999999999999999,46.4
Bonneville,2012-04-12,41,453630122021400,8.041666666666664,46.474999999999994
Bonneville,2012-04-13,78,453630122021400,8.079166666666662,46.54249999999999
Bonneville,2012-04-14,104,453630122021400,8.287500000000003,46.917500000000004
Bonneville,2012-04-15,141,453630122021400,8.537499999999996,47.36749999999999
Bonneville,2012-04-16,120,453630122021400,8.683333333333332,47.629999999999995
Bonneville,2012-04-17,235,453630122021400,8.541666666666666,47.375
Bonneville,2012-04-18,222,453630122021400,8.425000000000002,47.165000000000006
Bonneville,2012-04-19,365,453630122021400,8.624999999999995,47.52499999999999
Bonneville,2012-04-20,655,453630122021400,8.925,48.065
Bonneville,2012-04-21,1321,453630122021400,9.245833333333335,48.642500000000005
Bonneville,2012-04-22,2887,453630122021400,9.683333333333335,49.43000000000001
Bonneville,2012-04-23,4376,453630122021400,10.0125,50.0225
Bonneville,2012-04-24,4873,453630122021400,10.283333333333333,50.510000000000005
Bonneville,2012-04-25,2427,453630122021400,10.558333333333332,51.004999999999995
Bonneville,2012-04-26,1382,453630122021400,10.616666666666662,51.10999999999999
Bonneville,2012-04-27,781,453630122021400,10.645833333333336,51.16250000000001
Bonneville,2012-04-28,603,453630122021400,10.850000000000003,51.53
Bonneville,2012-04-29,823,453630122021400,11.058333333333335,51.905
Bonneville,2012-04-30,1930,453630122021400,11.124999999999995,52.02499999999999
Bonneville,2012-05-01,2238,453630122021400,11.008333333333333,51.815
Bonneville,2012-05-02,1746,453630122021400,11.0875,51.957499999999996
Bonneville,2012-05-03,2506,453630122021400,11.245833333333335,52.24250000000001
Bonneville,2012-05-04,3393,453630122021400,11.220833333333333,52.197500000000005
Bonneville,2012-05-05,3002,453630122021400,10.991666666666669,51.785000000000004
Bonneville,2012-05-06,5959,453630122021400,10.941666666666665,51.69499999999999
Bonneville,2012-05-07,9081,453630122021400,10.987499999999999,51.7775
Bonneville,2012-05-08,12000,453630122021400,11.154166666666667,52.0775
Bonneville,2012-05-09,18436,453630122021400,11.075000000000001,51.935
Bonneville,2012-05-10,7200,453630122021400,10.870833333333335,51.5675
Bonneville,2012-05-11,5381,453630122021400,11.020833333333334,51.837500000000006
Bonneville,2012-05-12,7284,453630122021400,11.366666666666667,52.46
Bonneville,2012-05-13,8786,453630122021400,11.762500000000001,53.1725
Bonneville,2012-05-14,8224,453630122021400,12.216666666666663,53.989999999999995
Bonneville,2012-05-15,7324,453630122021400,12.654166666666669,54.7775
Bonneville,2012-05-16,4036,453630122021400,12.795833333333336,55.032500000000006
Bonneville,2012-05-17,4636,453630122021400,12.674999999999995,54.81499999999999
Bonneville,2012-05-18,3118,453630122021400,12.787500000000001,55.0175
Bonneville,2012-05-19,2199,453630122021400,13.112499999999995,55.60249999999999
Bonneville,2012-05-20,2053,453630122021400,13.504166666666668,56.307500000000005
Bonneville,2012-05-21,1987,453630122021400,13.65833333333333,56.584999999999994
Bonneville,2012-05-22,1097,453630122021400,13.554166666666665,56.397499999999994
Bonneville,2012-05-23,960,453630122021400,13.479166666666671,56.26250000000001
Bonneville,2012-05-24,1372,453630122021400,13.516666666666671,56.33000000000001
Bonneville,2012-05-25,1406,453630122021400,13.4125,56.1425
Bonneville,2012-05-26,1160,453630122021400,13.320833333333335,55.977500000000006
Bonneville,2012-05-27,1144,453630122021400,13.120833333333335,55.61750000000001
Bonneville,2012-05-28,1383,453630122021400,13.070833333333335,55.5275
Bonneville,2012-05-29,1494,453630122021400,13.216666666666667,55.79
Bonneville,2012-05-30,1833,453630122021400,13.379166666666663,56.082499999999996
Bonneville,2012-05-31,2149,453630122021400,13.483333333333334,56.27
Bonneville,2013-03-01,2,453630122021400,5.229166666666667,41.4125
Bonneville,2013-03-02,1,453630122021400,5.341666666666668,41.615
Bonneville,2013-03-03,7,453630122021400,5.366666666666667,41.660000000000004
Bonneville,2013-03-04,-1,453630122021400,5.341666666666668,41.615
Bonneville,2013-03-05,1,453630122021400,5.2125,41.3825
Bonneville,2013-03-06,2,453630122021400,5.104166666666664,41.1875
Bonneville,2013-03-07,1,453630122021400,5.175000000000001,41.315
Bonneville,2013-03-08,1,453630122021400,5.229166666666667,41.4125
Bonneville,2013-03-09,3,453630122021400,5.399999999999999,41.72
Bonneville,2013-03-10,6,453630122021400,5.460869565217392,41.829565217391306
Bonneville,2013-03-11,2,453630122021400,5.591666666666666,42.065
Bonneville,2013-03-12,6,453630122021400,5.800000000000001,42.44
Bonneville,2013-03-13,3,453630122021400,6.108333333333333,42.995000000000005
Bonneville,2013-03-14,6,453630122021400,6.329166666666668,43.392500000000005
Bonneville,2013-03-15,22,453630122021400,6.520833333333332,43.7375
Bonneville,2013-03-16,5,453630122021400,6.612499999999998,43.902499999999996
Bonneville,2013-03-17,7,453630122021400,6.504166666666666,43.707499999999996
Bonneville,2013-03-18,7,453630122021400,6.466666666666666,43.64
Bonneville,2013-03-19,8,453630122021400,6.4375,43.5875
Bonneville,2013-03-20,4,453630122021400,6.479166666666667,43.6625
Bonneville,2013-03-21,12,453630122021400,6.429166666666667,43.572500000000005
Bonneville,2013-03-22,12,453630122021400,6.454166666666667,43.6175
Bonneville,2013-03-23,8,453630122021400,6.545833333333333,43.7825
Bonneville,2013-03-24,6,453630122021400,6.579166666666666,43.8425
Bonneville,2013-03-25,5,453630122021400,6.5666666666666655,43.82
Bonneville,2013-03-26,16,453630122021400,6.704166666666669,44.0675
Bonneville,2013-03-27,10,453630122021400,6.991666666666666,44.585
Bonneville,2013-03-28,25,453630122021400,7.154166666666665,44.8775
Bonneville,2013-03-29,22,453630122021400,7.445833333333333,45.4025
Bonneville,2013-03-30,26,453630122021400,7.745833333333333,45.942499999999995
Bonneville,2013-03-31,45,453630122021400,8.16666666666667,46.7
Bonneville,2013-04-01,45,453630122021400,8.262500000000003,46.8725
Bonneville,2013-04-02,71,453630122021400,8.520833333333336,47.337500000000006
Bonneville,2013-04-03,91,453630122021400,8.916666666666666,48.05
Bonneville,2013-04-04,70,453630122021400,8.925000000000002,48.065000000000005
Bonneville,2013-04-05,55,453630122021400,8.825000000000005,47.885000000000005
Bonneville,2013-04-06,40,453630122021400,8.90416666666667,48.0275
Bonneville,2013-04-07,61,453630122021400,8.858333333333336,47.94500000000001
Bonneville,2013-04-08,145,453630122021400,8.916666666666664,48.05
Bonneville,2013-04-09,177,453630122021400,9.283333333333337,48.71000000000001
Bonneville,2013-04-10,153,453630122021400,9.362500000000002,48.852500000000006
Bonneville,2013-04-11,120,453630122021400,9.474999999999996,49.05499999999999
Bonneville,2013-04-12,173,453630122021400,9.612499999999995,49.302499999999995
Bonneville,2013-04-13,105,453630122021400,9.491666666666667,49.085
Bonneville,2013-04-14,80,453630122021400,9.429166666666664,48.9725
Bonneville,2013-04-15,107,453630122021400,9.504166666666665,49.1075
Bonneville,2013-04-16,124,453630122021400,9.4625,49.0325
Bonneville,2013-04-17,91,453630122021400,9.395833333333334,48.9125
Bonneville,2013-04-18,262,453630122021400,9.370833333333335,48.86750000000001
Bonneville,2013-04-19,355,453630122021400,9.345833333333333,48.822500000000005
Bonneville,2013-04-20,509,453630122021400,9.458333333333332,49.025
Bonneville,2013-04-21,454,453630122021400,9.529166666666665,49.152499999999996
Bonneville,2013-04-22,836,453630122021400,9.579166666666667,49.24250000000001
Bonneville,2013-04-23,1027,453630122021400,9.695833333333336,49.45250000000001
Bonneville,2013-04-24,2227,453630122021400,9.816666666666666,49.67
Bonneville,2013-04-25,2541,453630122021400,10.008333333333331,50.015
Bonneville,2013-04-26,5346,453630122021400,10.341666666666665,50.614999999999995
Bonneville,2013-04-27,4551,453630122021400,10.7125,51.2825
Bonneville,2013-04-28,4181,453630122021400,10.883333333333335,51.59
Bonneville,2013-04-29,2461,453630122021400,10.91666666666667,51.650000000000006
Bonneville,2013-04-30,2350,453630122021400,10.704166666666666,51.2675
Bonneville,2013-05-01,2123,453630122021400,10.800000000000002,51.440000000000005
Bonneville,2013-05-02,4663,453630122021400,11.045833333333333,51.8825
Bonneville,2013-05-03,7311,453630122021400,11.399999999999999,52.519999999999996
Bonneville,2013-05-04,1834,453630122021400,11.674999999999999,53.015
Bonneville,2013-05-05,4202,453630122021400,11.966666666666667,53.54
Bonneville,2013-05-06,3915,453630122021400,12.241666666666665,54.035
Bonneville,2013-05-07,2901,453630122021400,12.529166666666667,54.5525
Bonneville,2013-05-08,2104,453630122021400,12.845833333333333,55.1225
Bonneville,2013-05-09,2226,453630122021400,13.0875,55.557500000000005
Bonneville,2013-05-10,1417,453630122021400,13.316666666666665,55.97
Bonneville,2013-05-11,1582,453630122021400,13.587499999999999,56.457499999999996
Bonneville,2013-05-12,957,453630122021400,13.958333333333337,57.12500000000001
Bonneville,2013-05-13,1018,453630122021400,14.191666666666661,57.54499999999999
Bonneville,2013-05-14,1367,453630122021400,14.049999999999999,57.29
Bonneville,2013-05-15,1308,453630122021400,13.983333333333334,57.17
Bonneville,2013-05-16,999,453630122021400,14.041666666666671,57.275000000000006
Bonneville,2013-05-17,1280,453630122021400,14.150000000000004,57.470000000000006
Bonneville,2013-05-18,1270,453630122021400,13.97916666666667,57.16250000000001
Bonneville,2013-05-19,1102,453630122021400,13.916666666666663,57.05
Bonneville,2013-05-20,1105,453630122021400,13.97083333333334,57.14750000000001
Bonneville,2013-05-21,955,453630122021400,14.0,57.2
Bonneville,2013-05-22,908,453630122021400,13.629166666666663,56.5325
Bonneville,2013-05-23,782,453630122021400,13.391666666666667,56.105000000000004
Bonneville,2013-05-24,1013,453630122021400,13.445833333333338,56.20250000000001
Bonneville,2013-05-25,822,453630122021400,13.72916666666667,56.712500000000006
Bonneville,2013-05-26,869,453630122021400,13.729166666666664,56.71249999999999
Bonneville,2013-05-27,915,453630122021400,13.637499999999998,56.5475
Bonneville,2013-05-28,807,453630122021400,13.429166666666665,56.1725
Bonneville,2013-05-29,787,453630122021400,13.454166666666667,56.2175
Bonneville,2013-05-30,837,453630122021400,13.616666666666667,56.510000000000005
Bonneville,2013-05-31,872,453630122021400,13.904166666666669,57.0275
Bonneville,2014-03-08,1,453630122021400,4.958333333333333,40.925
Bonneville,2014-03-15,1,453630122021400,5.983333333333332,42.769999999999996
Bonneville,2014-03-16,2,453630122021400,6.4916666666666645,43.684999999999995
Bonneville,2014-03-17,2,453630122021400,6.654166666666664,43.97749999999999
Bonneville,2014-03-19,5,453630122021400,6.704166666666666,44.067499999999995
Bonneville,2014-03-20,3,453630122021400,6.733333333333335,44.120000000000005
Bonneville,2014-03-21,8,453630122021400,6.870833333333334,44.3675
Bonneville,2014-03-22,11,453630122021400,6.841666666666669,44.315000000000005
Bonneville,2014-03-23,20,453630122021400,6.954166666666665,44.5175
Bonneville,2014-03-24,27,453630122021400,7.041666666666665,44.675
Bonneville,2014-03-25,43,453630122021400,7.2166666666666694,44.99000000000001
Bonneville,2014-03-26,47,453630122021400,7.220833333333331,44.997499999999995
Bonneville,2014-03-27,85,453630122021400,7.237500000000003,45.0275
Bonneville,2014-03-28,89,453630122021400,7.116666666666664,44.809999999999995
Bonneville,2014-03-29,65,453630122021400,7.070833333333329,44.72749999999999
Bonneville,2014-03-30,30,453630122021400,7.054166666666666,44.6975
Bonneville,2014-03-31,92,453630122021400,7.070833333333332,44.7275
Bonneville,2014-04-01,19,453630122021400,7.029166666666664,44.652499999999996
Bonneville,2014-04-02,66,453630122021400,7.11666666666667,44.81
Bonneville,2014-04-03,157,453630122021400,7.362500000000001,45.2525
Bonneville,2014-04-04,141,453630122021400,7.416666666666665,45.349999999999994
Bonneville,2014-04-05,157,453630122021400,7.616666666666667,45.71
Bonneville,2014-04-06,212,453630122021400,7.887499999999999,46.1975
Bonneville,2014-04-07,187,453630122021400,8.07916666666667,46.542500000000004
Bonneville,2014-04-08,243,453630122021400,8.466666666666667,47.24
Bonneville,2014-04-09,346,453630122021400,8.854166666666668,47.9375
Bonneville,2014-04-10,413,453630122021400,8.916666666666666,48.05
Bonneville,2014-04-11,445,453630122021400,8.983333333333329,48.16999999999999
Bonneville,2014-04-12,787,453630122021400,9.254166666666666,48.6575
Bonneville,2014-04-13,895,453630122021400,9.529166666666667,49.1525
Bonneville,2014-04-14,1368,453630122021400,9.658333333333337,49.385000000000005
Bonneville,2014-04-15,1756,453630122021400,9.700000000000005,49.46000000000001
Bonneville,2014-04-16,1509,453630122021400,9.825000000000001,49.685
Bonneville,2014-04-17,1384,453630122021400,9.858333333333334,49.745000000000005
Bonneville,2014-04-18,2256,453630122021400,10.029166666666667,50.0525
Bonneville,2014-04-19,1350,453630122021400,10.041666666666666,50.075
Bonneville,2014-04-20,2264,453630122021400,9.995833333333332,49.99249999999999
Bonneville,2014-04-21,2866,453630122021400,10.08333333333333,50.14999999999999
Bonneville,2014-04-22,3701,453630122021400,10.108333333333329,50.19499999999999
Bonneville,2014-04-23,2512,453630122021400,9.991666666666667,49.985
Bonneville,2014-04-24,4057,453630122021400,9.983333333333333,49.97
Bonneville,2014-04-25,4355,453630122021400,10.016666666666664,50.029999999999994
Bonneville,2014-04-26,7176,453630122021400,10.062499999999996,50.1125
Bonneville,2014-04-27,3906,453630122021400,9.954166666666667,49.917500000000004
Bonneville,2014-04-28,7709,453630122021400,10.008333333333331,50.015
Bonneville,2014-04-29,8481,453630122021400,10.258333333333336,50.465
Bonneville,2014-04-30,17409,453630122021400,10.508333333333331,50.91499999999999
Bonneville,2014-05-01,14011,453630122021400,10.762500000000001,51.3725
Bonneville,2014-05-02,9846,453630122021400,10.962499999999999,51.7325
Bonneville,2014-05-03,4520,453630122021400,11.02083333333333,51.83749999999999
Bonneville,2014-05-04,5775,453630122021400,10.987499999999999,51.7775
Bonneville,2014-05-05,6944,453630122021400,11.183333333333335,52.13
Bonneville,2014-05-06,5201,453630122021400,11.450000000000001,52.61
Bonneville,2014-05-07,5309,453630122021400,11.770833333333334,53.1875
Bonneville,2014-05-08,4259,453630122021400,11.949999999999998,53.50999999999999
Bonneville,2014-05-09,4537,453630122021400,11.945833333333333,53.5025
Bonneville,2014-05-10,3042,453630122021400,11.958333333333336,53.525000000000006
Bonneville,2014-05-11,3866,453630122021400,12.304166666666665,54.147499999999994
Bonneville,2014-05-12,3563,453630122021400,12.495833333333332,54.49249999999999
Bonneville,2014-05-13,2104,453630122021400,12.637499999999998,54.747499999999995
Bonneville,2014-05-14,1995,453630122021400,12.795652173913044,55.03217391304348
Bonneville,2014-05-15,1923,453630122021400,13.033333333333331,55.459999999999994
Bonneville,2014-05-16,2639,453630122021400,13.320833333333331,55.97749999999999
Bonneville,2014-05-17,2757,453630122021400,13.404166666666663,56.1275
Bonneville,2014-05-18,1969,453630122021400,13.4125,56.1425
Bonneville,2014-05-19,2064,453630122021400,13.633333333333331,56.53999999999999
Bonneville,2014-05-20,2273,453630122021400,13.970833333333337,57.14750000000001
Bonneville,2014-05-21,1827,453630122021400,14.170833333333329,57.50749999999999
Bonneville,2014-05-22,1675,453630122021400,14.333333333333329,57.8
Bonneville,2014-05-23,2093,453630122021400,14.341666666666674,57.81500000000001
Bonneville,2014-05-24,1955,453630122021400,14.354166666666664,57.83749999999999
Bonneville,2014-05-25,2069,453630122021400,14.287499999999994,57.71749999999999
Bonneville,2014-05-26,1929,453630122021400,14.429166666666674,57.97250000000001
Bonneville,2014-05-27,2001,453630122021400,14.479166666666671,58.062500000000014
Bonneville,2014-05-28,1895,453630122021400,14.466666666666676,58.04000000000002
Bonneville,2014-05-29,1691,453630122021400,14.50833333333334,58.11500000000001
Bonneville,2014-05-30,1652,453630122021400,14.662499999999996,58.3925
Bonneville,2014-05-31,2037,453630122021400,14.824999999999996,58.68499999999999
Bonneville,2015-03-01,3,453630122021400,5.695833333333333,42.2525
Bonneville,2015-03-02,10,453630122021400,5.7,42.26
Bonneville,2015-03-03,19,453630122021400,5.704166666666667,42.2675
Bonneville,2015-03-04,10,453630122021400,5.7375,42.3275
Bonneville,2015-03-05,14,453630122021400,5.7250000000000005,42.305
Bonneville,2015-03-06,9,453630122021400,5.766666666666667,42.38
Bonneville,2015-03-07,11,453630122021400,5.8083333333333345,42.455
Bonneville,2015-03-08,5,453630122021400,5.943478260869565,42.69826086956522
Bonneville,2015-03-09,13,453630122021400,6.150000000000001,43.07
Bonneville,2015-03-10,35,453630122021400,6.283333333333335,43.31
Bonneville,2015-03-11,32,453630122021400,6.345833333333335,43.4225
Bonneville,2015-03-12,33,453630122021400,6.474999999999999,43.655
Bonneville,2015-03-13,13,453630122021400,6.616666666666664,43.91
Bonneville,2015-03-14,14,453630122021400,6.766666666666668,44.18000000000001
Bonneville,2015-03-15,17,453630122021400,6.9375,44.4875
Bonneville,2015-03-16,38,453630122021400,7.112500000000002,44.8025
Bonneville,2015-03-17,8,453630122021400,7.270833333333338,45.087500000000006
Bonneville,2015-03-18,36,453630122021400,7.44583333333333,45.402499999999996
Bonneville,2015-03-19,37,453630122021400,7.670833333333334,45.807500000000005
Bonneville,2015-03-20,48,453630122021400,7.783333333333335,46.010000000000005
Bonneville,2015-03-21,58,453630122021400,7.958333333333333,46.325
Bonneville,2015-03-22,30,453630122021400,8.120833333333328,46.61749999999999
Bonneville,2015-03-23,34,453630122021400,8.29166666666667,46.925000000000004
Bonneville,2015-03-24,56,453630122021400,8.370833333333335,47.0675
Bonneville,2015-03-25,50,453630122021400,8.487499999999999,47.277499999999996
Bonneville,2015-03-26,73,453630122021400,8.670833333333336,47.6075
Bonneville,2015-03-27,100,453630122021400,8.875,47.975
Bonneville,2015-03-28,185,453630122021400,9.079166666666662,48.342499999999994
Bonneville,2015-03-29,259,453630122021400,9.120833333333332,48.4175
Bonneville,2015-03-30,155,453630122021400,9.216666666666669,48.59
Bonneville,2015-03-31,270,453630122021400,9.187499999999995,48.537499999999994
Bonneville,2015-04-01,270,453630122021400,9.133333333333331,48.44
Bonneville,2015-04-02,291,453630122021400,9.149999999999999,48.47
Bonneville,2015-04-03,265,453630122021400,9.024999999999999,48.245
Bonneville,2015-04-04,178,453630122021400,9.108333333333336,48.39500000000001
Bonneville,2015-04-05,165,453630122021400,9.20416666666667,48.56750000000001
Bonneville,2015-04-06,112,453630122021400,9.366666666666667,48.86
Bonneville,2015-04-07,387,453630122021400,9.537499999999998,49.1675
Bonneville,2015-04-08,523,453630122021400,9.650000000000002,49.370000000000005
Bonneville,2015-04-11,1269,453630122021400,9.950000000000001,49.910000000000004
Bonneville,2015-04-12,2028,453630122021400,9.879166666666666,49.7825
Bonneville,2015-04-13,796,453630122021400,9.891666666666667,49.80500000000001
Bonneville,2015-04-14,587,453630122021400,9.750000000000002,49.550000000000004
Bonneville,2015-04-15,2972,453630122021400,9.854166666666666,49.7375
Bonneville,2015-04-16,2952,453630122021400,9.970833333333331,49.9475
Bonneville,2015-04-17,5417,453630122021400,10.12916666666667,50.2325
Bonneville,2015-04-18,7926,453630122021400,10.420833333333333,50.7575
Bonneville,2015-04-19,11327,453630122021400,10.75,51.35
Bonneville,2015-04-20,13190,453630122021400,10.987499999999997,51.777499999999996
Bonneville,2015-04-21,5987,453630122021400,11.0375,51.8675
Bonneville,2015-04-22,7976,453630122021400,11.05833333333333,51.904999999999994
Bonneville,2015-04-23,4565,453630122021400,10.966666666666669,51.74000000000001
Bonneville,2015-04-24,4462,453630122021400,10.791666666666671,51.42500000000001
Bonneville,2015-04-25,4581,453630122021400,10.808333333333335,51.455000000000005
Bonneville,2015-04-26,5401,453630122021400,10.966666666666663,51.739999999999995
Bonneville,2015-04-27,9733,453630122021400,11.437500000000002,52.587500000000006
Bonneville,2015-04-28,17045,453630122021400,11.8125,53.2625
Bonneville,2015-04-29,11303,453630122021400,12.070833333333333,53.7275
Bonneville,2015-04-30,13676,453630122021400,12.304166666666665,54.147499999999994
Bonneville,2015-05-01,6140,453630122021400,12.662500000000003,54.792500000000004
Bonneville,2015-05-02,2940,453630122021400,12.733333333333334,54.92
Bonneville,2015-05-03,2613,453630122021400,12.883333333333335,55.19
Bonneville,2015-05-04,3198,453630122021400,13.108333333333334,55.595
Bonneville,2015-05-05,3199,453630122021400,13.166666666666666,55.7
Bonneville,2015-05-06,3013,453630122021400,13.324999999999998,55.985
Bonneville,2015-05-07,2694,453630122021400,13.379166666666665,56.082499999999996
Bonneville,2015-05-08,3065,453630122021400,13.441666666666668,56.19500000000001
Bonneville,2015-05-09,3468,453630122021400,13.720833333333331,56.6975
Bonneville,2015-05-10,3792,453630122021400,14.091666666666669,57.36500000000001
Bonneville,2015-05-11,2743,453630122021400,14.058333333333335,57.30500000000001
Bonneville,2015-05-12,2196,453630122021400,13.970833333333337,57.14750000000001
Bonneville,2015-05-13,1597,453630122021400,14.058333333333332,57.30499999999999
Bonneville,2015-05-14,2181,453630122021400,14.087499999999997,57.357499999999995
Bonneville,2015-05-15,1392,453630122021400,14.100000000000001,57.38
Bonneville,2015-05-16,1865,453630122021400,14.170833333333329,57.50749999999999
Bonneville,2015-05-17,2122,453630122021400,14.55833333333333,58.205
Bonneville,2015-05-18,2168,453630122021400,14.950000000000005,58.91000000000001
Bonneville,2015-05-19,2316,453630122021400,15.124999999999995,59.224999999999994
Bonneville,2015-05-20,2209,453630122021400,15.320833333333333,59.5775
Bonneville,2015-05-21,2527,453630122021400,15.512500000000008,59.922500000000014
Bonneville,2015-05-22,1615,453630122021400,15.433333333333328,59.77999999999999
Bonneville,2015-05-23,1450,453630122021400,15.258333333333331,59.464999999999996
Bonneville,2015-05-24,1575,453630122021400,15.154166666666661,59.27749999999999
Bonneville,2015-05-25,2148,453630122021400,15.350000000000007,59.63000000000001
Bonneville,2015-05-26,3077,453630122021400,15.624999999999998,60.125
Bonneville,2015-05-27,3079,453630122021400,16.125,61.025000000000006
Bonneville,2015-05-28,2295,453630122021400,16.708333333333336,62.075
Bonneville,2015-05-29,2584,453630122021400,17.025,62.644999999999996
Bonneville,2015-05-30,3131,453630122021400,17.13333333333333,62.83999999999999
Bonneville,2015-05-31,2946,453630122021400,17.358333333333334,63.245000000000005
Bonneville,2016-03-02,2,453630122021400,6.229166666666665,43.2125
Bonneville,2016-03-03,1,453630122021400,6.295833333333335,43.3325
Bonneville,2016-03-04,4,453630122021400,6.279166666666669,43.3025
Bonneville,2016-03-05,3,453630122021400,6.358333333333335,43.44500000000001
Bonneville,2016-03-06,1,453630122021400,6.558333333333331,43.80499999999999
Bonneville,2016-03-07,5,453630122021400,6.641666666666665,43.955
Bonneville,2016-03-08,2,453630122021400,6.6291666666666655,43.9325
Bonneville,2016-03-09,2,453630122021400,6.541666666666665,43.775
Bonneville,2016-03-10,2,453630122021400,6.683333333333336,44.03
Bonneville,2016-03-11,2,453630122021400,6.766666666666669,44.18000000000001
Bonneville,2016-03-12,2,453630122021400,6.8208333333333355,44.2775
Bonneville,2016-03-13,1,453630122021400,6.804347826086958,44.24782608695652
Bonneville,2016-03-14,1,453630122021400,6.787500000000002,44.2175
Bonneville,2016-03-15,1,453630122021400,6.808333333333334,44.255
Bonneville,2016-03-16,8,453630122021400,7.033333333333331,44.66
Bonneville,2016-03-17,6,453630122021400,7.191666666666667,44.945
Bonneville,2016-03-18,1,453630122021400,7.129166666666664,44.832499999999996
Bonneville,2016-03-19,5,453630122021400,7.17916666666667,44.92250000000001
Bonneville,2016-03-20,7,453630122021400,7.224999999999999,45.004999999999995
Bonneville,2016-03-21,4,453630122021400,7.191666666666664,44.94499999999999
Bonneville,2016-03-22,2,453630122021400,7.225000000000002,45.005
Bonneville,2016-03-23,4,453630122021400,7.245833333333337,45.042500000000004
Bonneville,2016-03-24,6,453630122021400,7.354166666666668,45.237500000000004
Bonneville,2016-03-25,12,453630122021400,7.508333333333332,45.515
Bonneville,2016-03-26,13,453630122021400,7.670833333333334,45.807500000000005
Bonneville,2016-03-27,12,453630122021400,7.808333333333336,46.05500000000001
Bonneville,2016-03-28,27,453630122021400,7.875,46.175
Bonneville,2016-03-29,19,453630122021400,8.062499999999998,46.512499999999996
Bonneville,2016-03-30,24,453630122021400,8.270833333333334,46.8875
Bonneville,2016-03-31,47,453630122021400,8.570833333333335,47.4275
Bonneville,2016-04-01,54,453630122021400,8.879166666666666,47.9825
Bonneville,2016-04-02,75,453630122021400,9.079166666666664,48.342499999999994
Bonneville,2016-04-03,90,453630122021400,9.341666666666667,48.815
Bonneville,2016-04-04,96,453630122021400,9.500000000000002,49.10000000000001
Bonneville,2016-04-05,154,453630122021400,9.387500000000001,48.8975
Bonneville,2016-04-06,118,453630122021400,9.570833333333335,49.227500000000006
Bonneville,2016-04-07,100,453630122021400,9.808333333333334,49.655
Bonneville,2016-04-08,253,453630122021400,10.145833333333336,50.2625
Bonneville,2016-04-09,285,453630122021400,10.441666666666666,50.795
Bonneville,2016-04-10,251,453630122021400,10.683333333333335,51.230000000000004
Bonneville,2016-04-11,469,453630122021400,10.812500000000002,51.462500000000006
Bonneville,2016-04-12,333,453630122021400,10.9125,51.6425
Bonneville,2016-04-13,495,453630122021400,11.158333333333337,52.08500000000001
Bonneville,2016-04-14,447,453630122021400,11.200000000000001,52.160000000000004
Bonneville,2016-04-15,466,453630122021400,11.116666666666662,52.00999999999999
Bonneville,2016-04-16,373,453630122021400,11.179166666666667,52.1225
Bonneville,2016-04-17,279,453630122021400,11.454166666666667,52.61750000000001
Bonneville,2016-04-18,588,453630122021400,11.783333333333333,53.21
Bonneville,2016-04-19,550,453630122021400,12.012500000000001,53.6225
Bonneville,2016-04-20,784,453630122021400,12.204166666666666,53.9675
Bonneville,2016-04-21,2704,453630122021400,12.225000000000003,54.00500000000001
Bonneville,2016-04-22,3236,453630122021400,12.079166666666664,53.74249999999999
Bonneville,2016-04-23,1510,453630122021400,11.950000000000003,53.510000000000005
Bonneville,2016-04-24,1030,453630122021400,11.983333333333334,53.57000000000001
Bonneville,2016-04-25,1157,453630122021400,11.920833333333334,53.4575
Bonneville,2016-04-26,849,453630122021400,11.804166666666669,53.2475
Bonneville,2016-04-27,1050,453630122021400,11.825000000000003,53.28500000000001
Bonneville,2016-04-28,3084,453630122021400,11.995833333333335,53.5925
Bonneville,2016-04-29,6695,453630122021400,12.075000000000001,53.735
Bonneville,2016-04-30,6728,453630122021400,12.145833333333336,53.862500000000004
Bonneville,2016-05-01,10155,453630122021400,12.412500000000001,54.3425
Bonneville,2016-05-02,13907,453630122021400,12.741666666666665,54.935
Bonneville,2016-05-03,10860,453630122021400,13.045833333333334,55.4825
Bonneville,2016-05-04,7461,453630122021400,13.116666666666667,55.61
Bonneville,2016-05-05,4079,453630122021400,13.083333333333329,55.55
Bonneville,2016-05-06,4250,453630122021400,13.320833333333335,55.977500000000006
Bonneville,2016-05-07,4456,453630122021400,13.754166666666665,56.75749999999999
Bonneville,2016-05-08,4058,453630122021400,13.920833333333329,57.05749999999999
Bonneville,2016-05-09,1793,453630122021400,13.8375,56.9075
Bonneville,2016-05-10,1452,453630122021400,13.920833333333334,57.057500000000005
Bonneville,2016-05-11,2482,453630122021400,14.295833333333333,57.7325
Bonneville,2016-05-12,3409,453630122021400,14.679166666666667,58.4225
Bonneville,2016-05-13,2644,453630122021400,14.845833333333331,58.7225
Bonneville,2016-05-14,2068,453630122021400,14.833333333333336,58.7
Bonneville,2016-05-15,2036,453630122021400,14.666666666666663,58.39999999999999
Bonneville,2016-05-16,1855,453630122021400,14.662500000000001,58.3925
Bonneville,2016-05-17,3166,453630122021400,14.74583333333333,58.54249999999999
Bonneville,2016-05-18,2963,453630122021400,15.133333333333333,59.239999999999995
Bonneville,2016-05-19,2295,453630122021400,15.116666666666662,59.209999999999994
Bonneville,2016-05-20,2265,453630122021400,15.0875,59.1575
Bonneville,2016-05-21,1148,453630122021400,14.829166666666671,58.69250000000001
Bonneville,2016-05-22,1239,453630122021400,14.824999999999998,58.684999999999995
Bonneville,2016-05-23,1344,453630122021400,14.937500000000002,58.8875
Bonneville,2016-05-24,1506,453630122021400,14.995833333333335,58.99250000000001
Bonneville,2016-05-25,1518,453630122021400,15.004166666666675,59.007500000000014
Bonneville,2016-05-26,1606,453630122021400,15.04166666666667,59.075
Bonneville,2016-05-27,1529,453630122021400,14.975000000000007,58.95500000000001
Bonneville,2016-05-28,1146,453630122021400,15.058333333333332,59.105
Bonneville,2016-05-29,1151,453630122021400,15.095833333333331,59.1725
Bonneville,2016-05-30,1427,453630122021400,15.295833333333336,59.532500000000006
Bonneville,2016-05-31,1407,453630122021400,15.633333333333335,60.14
Bonneville,2017-03-13,1,453630122021400,5.200000000000001,41.36
Bonneville,2017-03-15,2,453630122021400,5.400000000000002,41.720000000000006
Bonneville,2017-03-18,2,453630122021400,5.800000000000001,42.44
Bonneville,2017-03-27,2,453630122021400,6.708333333333333,44.075
Bonneville,2017-03-31,2,453630122021400,7.2458333333333345,45.042500000000004
Bonneville,2017-04-01,1,453630122021400,7.3500000000000005,45.230000000000004
Bonneville,2017-04-02,3,453630122021400,7.449999999999999,45.41
Bonneville,2017-04-03,2,453630122021400,7.516666666666665,45.53
Bonneville,2017-04-04,2,453630122021400,7.6333333333333355,45.74
Bonneville,2017-04-05,14,453630122021400,7.8875,46.1975
Bonneville,2017-04-06,12,453630122021400,8.095833333333333,46.5725
Bonneville,2017-04-07,32,453630122021400,8.345833333333335,47.0225
Bonneville,2017-04-08,57,453630122021400,8.358333333333334,47.045
Bonneville,2017-04-09,62,453630122021400,8.379166666666666,47.082499999999996
Bonneville,2017-04-10,16,453630122021400,8.445833333333333,47.2025
Bonneville,2017-04-11,38,453630122021400,8.5,47.3
Bonneville,2017-04-12,50,453630122021400,8.4625,47.2325
Bonneville,2017-04-13,47,453630122021400,8.429166666666667,47.1725
Bonneville,2017-04-14,42,453630122021400,8.491666666666665,47.285
Bonneville,2017-04-15,38,453630122021400,8.612500000000002,47.502500000000005
Bonneville,2017-04-16,71,453630122021400,8.67083333333333,47.607499999999995
Bonneville,2017-04-17,78,453630122021400,8.800000000000002,47.84
Bonneville,2017-04-18,112,453630122021400,9.004166666666665,48.207499999999996
Bonneville,2017-04-19,103,453630122021400,9.137499999999996,48.44749999999999
Bonneville,2017-04-20,131,453630122021400,9.124999999999996,48.425
Bonneville,2017-04-21,170,453630122021400,9.44583333333333,49.0025
Bonneville,2017-04-22,175,453630122021400,9.595833333333333,49.2725
Bonneville,2017-04-23,245,453630122021400,9.762500000000003,49.572500000000005
Bonneville,2017-04-24,215,453630122021400,9.837500000000004,49.70750000000001
Bonneville,2017-04-25,341,453630122021400,9.958333333333334,49.925
Bonneville,2017-04-26,271,453630122021400,10.08333333333333,50.14999999999999
Bonneville,2017-04-27,196,453630122021400,10.108333333333329,50.19499999999999
Bonneville,2017-04-28,215,453630122021400,10.225,50.405
Bonneville,2017-04-29,230,453630122021400,10.387500000000001,50.697500000000005
Bonneville,2017-04-30,362,453630122021400,10.5125,50.9225
Bonneville,2017-05-01,469,453630122021400,10.520833333333334,50.9375
Bonneville,2017-05-02,540,453630122021400,10.566666666666665,51.019999999999996
Bonneville,2017-05-03,836,453630122021400,10.987499999999999,51.7775
Bonneville,2017-05-04,4057,453630122021400,11.533333333333331,52.76
Bonneville,2017-05-05,6177,453630122021400,11.729166666666659,53.11249999999998
Bonneville,2017-05-06,4342,453630122021400,11.674999999999997,53.015
Bonneville,2017-05-07,2544,453630122021400,11.720833333333331,53.0975
Bonneville,2017-05-08,1651,453630122021400,12.058333333333332,53.705
Bonneville,2017-05-09,1234,453630122021400,12.233333333333333,54.019999999999996
Bonneville,2017-05-10,1008,453630122021400,12.262499999999998,54.07249999999999
Bonneville,2017-05-11,1284,453630122021400,12.30833333333333,54.154999999999994
Bonneville,2017-05-12,1634,453630122021400,12.250000000000002,54.050000000000004
Bonneville,2017-05-13,965,453630122021400,12.283333333333331,54.11
Bonneville,2017-05-14,1506,453630122021400,12.445833333333338,54.40250000000001
Bonneville,2017-05-15,2204,453630122021400,12.50416666666667,54.50750000000001
Bonneville,2017-05-16,2201,453630122021400,12.199999999999998,53.959999999999994
Bonneville,2017-05-17,1900,453630122021400,11.787500000000001,53.2175
Bonneville,2017-05-18,1242,453630122021400,11.954166666666664,53.5175
Bonneville,2017-05-19,1627,453630122021400,12.295833333333334,54.13250000000001
Bonneville,2017-05-20,4087,453630122021400,12.537500000000001,54.5675
Bonneville,2017-05-21,5838,453630122021400,12.804166666666665,55.0475
Bonneville,2017-05-22,6539,453630122021400,13.029166666666669,55.4525
Bonneville,2017-05-23,5358,453630122021400,13.258333333333333,55.864999999999995
Bonneville,2017-05-24,3868,453630122021400,13.179166666666662,55.7225
Bonneville,2017-05-25,2588,453630122021400,13.233333333333334,55.82000000000001
Bonneville,2017-05-26,2221,453630122021400,13.675000000000002,56.61500000000001
Bonneville,2017-05-27,3311,453630122021400,14.0375,57.2675
Bonneville,2017-05-28,3034,453630122021400,14.27916666666667,57.70250000000001
Bonneville,2017-05-29,2785,453630122021400,14.450000000000008,58.01000000000002
Bonneville,2017-05-30,1916,453630122021400,14.408333333333331,57.935
Bonneville,2017-05-31,1311,453630122021400,14.533333333333337,58.16000000000001
Bonneville,2018-03-09,1,453630122021400,4.437499999999999,39.9875
Bonneville,2018-03-12,1,453630122021400,5.1375,41.2475
Bonneville,2018-03-16,1,453630122021400,5.7583333333333355,42.365
Bonneville,2018-03-18,2,453630122021400,6.083333333333335,42.95
Bonneville,2018-03-19,1,453630122021400,6.354166666666667,43.4375
Bonneville,2018-03-21,1,453630122021400,6.579166666666665,43.8425
Bonneville,2018-03-22,1,453630122021400,6.683333333333334,44.03
Bonneville,2018-03-23,1,453630122021400,6.545833333333333,43.7825
Bonneville,2018-03-24,4,453630122021400,6.479166666666667,43.6625
Bonneville,2018-03-26,1,453630122021400,6.795833333333335,44.2325
Bonneville,2018-03-28,1,453630122021400,7.141666666666669,44.855000000000004
Bonneville,2018-03-29,1,453630122021400,7.291666666666668,45.125
Bonneville,2018-03-30,1,453630122021400,7.45,45.41
Bonneville,2018-03-31,3,453630122021400,7.520833333333331,45.537499999999994
Bonneville,2018-04-01,4,453630122021400,7.570833333333332,45.6275
Bonneville,2018-04-02,3,453630122021400,7.395833333333336,45.31250000000001
Bonneville,2018-04-03,6,453630122021400,7.436842105263159,45.386315789473684
Bonneville,2018-04-04,3,453630122021400,7.55833333333333,45.605
Bonneville,2018-04-05,6,453630122021400,7.691666666666666,45.845
Bonneville,2018-04-06,27,453630122021400,7.883333333333332,46.19
Bonneville,2018-04-07,18,453630122021400,8.129166666666663,46.63249999999999
Bonneville,2018-04-08,6,453630122021400,8.025,46.445
Bonneville,2018-04-09,4,453630122021400,8.13809523809524,46.64857142857143
Bonneville,2018-04-10,2,453630122021400,8.179166666666664,46.7225
Bonneville,2018-04-11,24,453630122021400,8.141666666666664,46.654999999999994
Bonneville,2018-04-12,14,453630122021400,8.129166666666665,46.63249999999999
Bonneville,2018-04-13,20,453630122021400,8.162499999999998,46.692499999999995
Bonneville,2018-04-14,27,453630122021400,8.345833333333337,47.02250000000001
Bonneville,2018-04-15,37,453630122021400,8.545833333333329,47.38249999999999
Bonneville,2018-04-16,27,453630122021400,8.612499999999995,47.50249999999999
Bonneville,2018-04-17,39,453630122021400,8.69166666666667,47.64500000000001
Bonneville,2018-04-18,27,453630122021400,8.80416666666667,47.84750000000001
Bonneville,2018-04-19,51,453630122021400,9.004166666666665,48.207499999999996
Bonneville,2018-04-20,38,453630122021400,9.300000000000002,48.74000000000001
Bonneville,2018-04-21,60,453630122021400,9.566666666666661,49.21999999999999
Bonneville,2018-04-22,86,453630122021400,9.862499999999999,49.7525
Bonneville,2018-04-23,97,453630122021400,9.979166666666666,49.9625
Bonneville,2018-04-24,167,453630122021400,10.1,50.18
Bonneville,2018-04-25,181,453630122021400,10.424999999999997,50.765
Bonneville,2018-04-26,283,453630122021400,10.783333333333333,51.41
Bonneville,2018-04-27,804,453630122021400,10.908333333333337,51.635000000000005
Bonneville,2018-04-28,1357,453630122021400,10.975,51.754999999999995
Bonneville,2018-04-29,1812,453630122021400,11.083333333333329,51.94999999999999
Bonneville,2018-04-30,1002,453630122021400,11.112499999999995,52.00249999999999
Bonneville,2018-05-01,633,453630122021400,11.254166666666668,52.25750000000001
Bonneville,2018-05-02,978,453630122021400,11.608333333333334,52.895
Bonneville,2018-05-03,2705,453630122021400,11.891666666666667,53.405
Bonneville,2018-05-04,4421,453630122021400,12.149999999999993,53.86999999999999
Bonneville,2018-05-05,5392,453630122021400,12.333333333333334,54.2
Bonneville,2018-05-06,5109,453630122021400,12.529166666666667,54.5525
Bonneville,2018-05-07,7287,453630122021400,12.850000000000001,55.13
Bonneville,2018-05-08,5233,453630122021400,12.879166666666668,55.182500000000005
Bonneville,2018-05-09,2649,453630122021400,12.795833333333334,55.0325
Bonneville,2018-05-10,1879,453630122021400,12.741666666666669,54.935
Bonneville,2018-05-11,1578,453630122021400,12.59583333333333,54.67249999999999
Bonneville,2018-05-12,852,453630122021400,12.762499999999998,54.9725
Bonneville,2018-05-13,1274,453630122021400,12.887500000000001,55.197500000000005
Bonneville,2018-05-14,1840,453630122021400,12.899999999999997,55.22
Bonneville,2018-05-15,2962,453630122021400,13.33333333333333,56.0
Bonneville,2018-05-16,4572,453630122021400,13.533333333333333,56.36
Bonneville,2018-05-17,2736,453630122021400,13.487500000000006,56.27750000000001
Bonneville,2018-05-18,1487,453630122021400,13.595833333333337,56.47250000000001
Bonneville,2018-05-19,1514,453630122021400,13.65,56.57
Bonneville,2018-05-20,3124,453630122021400,13.800000000000002,56.84
Bonneville,2018-05-21,3760,453630122021400,13.820833333333335,56.8775
Bonneville,2018-05-22,2616,453630122021400,14.012500000000001,57.222500000000004
Bonneville,2018-05-23,4009,453630122021400,14.216666666666663,57.58999999999999
Bonneville,2018-05-24,2738,453630122021400,14.591666666666661,58.264999999999986
Bonneville,2018-05-25,2237,453630122021400,14.7125,58.4825
Bonneville,2018-05-26,2017,453630122021400,14.425000000000002,57.965
Bonneville,2018-05-27,1134,453630122021400,14.612499999999995,58.302499999999995
Bonneville,2018-05-28,1297,453630122021400,14.845833333333337,58.72250000000001
Bonneville,2018-05-29,1411,453630122021400,14.870833333333332,58.7675
Bonneville,2018-05-30,1106,453630122021400,14.729166666666663,58.51249999999999
Bonneville,2018-05-31,1090,453630122021400,14.829166666666666,58.692499999999995
Bonneville,2019-03-11,1,453630122021400,2.5000000000000004,36.5
Bonneville,2019-03-16,2,453630122021400,3.570833333333334,38.4275
Bonneville,2019-03-17,1,453630122021400,3.933333333333333,39.08
Bonneville,2019-03-19,2,453630122021400,4.395833333333333,39.9125
Bonneville,2019-03-21,3,453630122021400,4.650000000000001,40.370000000000005
Bonneville,2019-03-22,1,453630122021400,4.770833333333335,40.587500000000006
Bonneville,2019-03-23,2,453630122021400,5.175000000000002,41.315000000000005
Bonneville,2019-03-25,4,453630122021400,5.691666666666667,42.245000000000005
Bonneville,2019-03-26,1,453630122021400,5.854166666666667,42.5375
Bonneville,2019-03-27,1,453630122021400,5.970833333333334,42.7475
Bonneville,2019-03-28,4,453630122021400,6.079166666666668,42.9425
Bonneville,2019-03-29,8,453630122021400,6.474999999999999,43.655
Bonneville,2019-03-30,2,453630122021400,6.695833333333334,44.0525
Bonneville,2019-03-31,12,453630122021400,7.120833333333336,44.81750000000001
Bonneville,2019-04-01,4,453630122021400,7.391666666666667,45.305
Bonneville,2019-04-02,8,453630122021400,7.566666666666664,45.62
Bonneville,2019-04-03,28,453630122021400,7.637499999999998,45.747499999999995
Bonneville,2019-04-04,23,453630122021400,7.787500000000001,46.017500000000005
Bonneville,2019-04-05,15,453630122021400,8.020833333333332,46.4375
Bonneville,2019-04-06,27,453630122021400,8.04583333333333,46.482499999999995
Bonneville,2019-04-07,20,453630122021400,8.049999999999997,46.489999999999995
Bonneville,2019-04-08,8,453630122021400,8.137499999999994,46.647499999999994
Bonneville,2019-04-09,7,453630122021400,8.300000000000002,46.940000000000005
Bonneville,2019-04-11,5,453630122021400,8.854166666666666,47.9375
Bonneville,2019-04-12,8,453630122021400,9.200000000000003,48.56
Bonneville,2019-04-13,1,453630122021400,9.274999999999999,48.69499999999999
Bonneville,2019-04-14,19,453630122021400,9.233333333333336,48.620000000000005
Bonneville,2019-04-15,12,453630122021400,9.124999999999995,48.42499999999999
Bonneville,2019-04-16,38,453630122021400,9.27916666666667,48.70250000000001
Bonneville,2019-04-17,54,453630122021400,9.57916666666667,49.24250000000001
Bonneville,2019-04-18,63,453630122021400,10.083333333333334,50.150000000000006
Bonneville,2019-04-19,88,453630122021400,10.48333333333333,50.87
Bonneville,2019-04-20,148,453630122021400,10.758333333333333,51.364999999999995
Bonneville,2019-04-21,235,453630122021400,10.945833333333331,51.7025
Bonneville,2019-04-22,220,453630122021400,10.916666666666664,51.64999999999999
Bonneville,2019-04-23,175,453630122021400,10.979166666666666,51.7625
Bonneville,2019-04-24,195,453630122021400,11.137499999999998,52.0475
Bonneville,2019-04-25,161,453630122021400,11.166666666666663,52.099999999999994
Bonneville,2019-04-26,133,453630122021400,11.416666666666666,52.55
Bonneville,2019-04-27,356,453630122021400,11.545833333333329,52.78249999999999
Bonneville,2019-04-28,497,453630122021400,11.641666666666671,52.95500000000001
Bonneville,2019-04-29,745,453630122021400,11.9125,53.442499999999995
Bonneville,2019-04-30,1368,453630122021400,12.141666666666667,53.855000000000004
Bonneville,2019-05-01,2488,453630122021400,12.145833333333337,53.86250000000001
Bonneville,2019-05-02,5051,453630122021400,12.004166666666665,53.6075
Bonneville,2019-05-03,2592,453630122021400,11.954166666666666,53.5175
Bonneville,2019-05-04,1606,453630122021400,11.975,53.555
Bonneville,2019-05-05,1565,453630122021400,12.245833333333332,54.0425
Bonneville,2019-05-06,2259,453630122021400,12.487499999999999,54.4775
Bonneville,2019-05-07,4807,453630122021400,12.654166666666669,54.7775
Bonneville,2019-05-08,2736,453630122021400,12.791666666666666,55.025
Bonneville,2019-05-09,2209,453630122021400,12.991666666666665,55.385
Bonneville,2019-05-10,2422,453630122021400,13.049999999999999,55.489999999999995
Bonneville,2019-05-11,2449,453630122021400,13.304166666666665,55.9475
Bonneville,2019-05-12,1773,453630122021400,13.433333333333332,56.17999999999999
Bonneville,2019-05-13,1753,453630122021400,13.533333333333337,56.36000000000001
Bonneville,2019-05-14,1266,453630122021400,13.512499999999994,56.32249999999999
Bonneville,2019-05-15,1297,453630122021400,13.404166666666667,56.1275
Bonneville,2019-05-16,930,453630122021400,13.454166666666667,56.2175
Bonneville,2019-05-17,1156,453630122021400,13.449999999999998,56.209999999999994
Bonneville,2019-05-18,1362,453630122021400,13.6,56.480000000000004
Bonneville,2019-05-19,1319,453630122021400,13.845833333333333,56.9225
Bonneville,2019-05-20,908,453630122021400,13.879166666666672,56.98250000000001
Bonneville,2019-05-21,937,453630122021400,13.662500000000001,56.5925
Bonneville,2019-05-22,802,453630122021400,13.637500000000003,56.54750000000001
Bonneville,2019-05-23,803,453630122021400,13.733333333333329,56.71999999999999
Bonneville,2019-05-24,689,453630122021400,13.704166666666666,56.667500000000004
Bonneville,2019-05-25,698,453630122021400,13.687500000000002,56.6375
Bonneville,2019-05-26,699,453630122021400,13.750000000000002,56.75
Bonneville,2019-05-27,584,453630122021400,13.895833333333337,57.0125
Bonneville,2019-05-28,632,453630122021400,14.108333333333333,57.394999999999996
Bonneville,2019-05-29,646,453630122021400,14.295833333333334,57.7325
Bonneville,2019-05-30,684,453630122021400,14.525,58.144999999999996
Bonneville,2019-05-31,830,453630122021400,14.945833333333338,58.90250000000001
Bonneville,2020-03-01,1,453630122021400,5.458333333333333,41.825
Bonneville,2020-03-03,1,453630122021400,5.483333333333332,41.87
Bonneville,2020-03-05,1,453630122021400,5.779166666666668,42.4025
Bonneville,2020-03-06,1,453630122021400,5.8708333333333345,42.5675
Bonneville,2020-03-07,1,453630122021400,5.879166666666669,42.5825
Bonneville,2020-03-08,1,453630122021400,5.913043478260869,42.643478260869564
Bonneville,2020-03-09,1,453630122021400,5.9416666666666655,42.695
Bonneville,2020-03-11,3,453630122021400,6.0874999999999995,42.957499999999996
Bonneville,2020-03-13,2,453630122021400,6.333333333333336,43.400000000000006
Bonneville,2020-03-14,3,453630122021400,6.2,43.16
Bonneville,2020-03-16,1,453630122021400,5.841666666666668,42.515
Bonneville,2020-03-17,3,453630122021400,6.012499999999998,42.8225
Bonneville,2020-03-18,1,453630122021400,6.316666666666667,43.370000000000005
Bonneville,2020-03-19,1,453630122021400,6.541666666666663,43.77499999999999
Bonneville,2020-03-20,4,453630122021400,6.862500000000001,44.3525
Bonneville,2020-03-21,3,453630122021400,6.9875,44.5775
Bonneville,2020-03-22,1,453630122021400,7.116666666666664,44.809999999999995
Bonneville,2020-03-24,1,453630122021400,7.124999999999997,44.824999999999996
Bonneville,2020-03-25,2,453630122021400,7.112499999999998,44.802499999999995
Bonneville,2020-03-26,2,453630122021400,7.020833333333333,44.6375
Bonneville,2020-03-27,1,453630122021400,6.812500000000001,44.2625
Bonneville,2020-03-28,2,453630122021400,6.8875,44.3975
Bonneville,2020-03-29,7,453630122021400,7.200000000000004,44.96000000000001
Bonneville,2020-03-30,2,453630122021400,7.383333333333336,45.290000000000006
Bonneville,2020-03-31,5,453630122021400,7.400000000000001,45.32
Bonneville,2020-04-01,8,453630122021400,7.429166666666667,45.3725
Bonneville,2020-04-02,7,453630122021400,7.608333333333332,45.69499999999999
Bonneville,2020-04-03,5,453630122021400,7.541666666666665,45.574999999999996
Bonneville,2020-04-04,6,453630122021400,7.679166666666664,45.82249999999999
Bonneville,2020-04-05,16,453630122021400,7.862500000000001,46.1525
Bonneville,2020-04-06,29,453630122021400,8.029166666666663,46.45249999999999
Bonneville,2020-04-07,9,453630122021400,8.262500000000001,46.8725
Bonneville,2020-04-08,36,453630122021400,8.587500000000004,47.45750000000001
Bonneville,2020-04-09,59,453630122021400,8.97083333333333,48.147499999999994
Bonneville,2020-04-10,73,453630122021400,9.295833333333333,48.7325
Bonneville,2020-04-11,54,453630122021400,9.445833333333335,49.0025
Bonneville,2020-04-12,98,453630122021400,9.487499999999999,49.0775
Bonneville,2020-04-13,105,453630122021400,9.65,49.370000000000005
Bonneville,2020-04-14,105,453630122021400,9.841666666666669,49.715
Bonneville,2020-04-15,109,453630122021400,9.895833333333332,49.8125
Bonneville,2020-04-16,163,453630122021400,10.279166666666667,50.5025
Bonneville,2020-04-17,125,453630122021400,10.441666666666666,50.795
Bonneville,2020-04-18,108,453630122021400,10.412500000000003,50.74250000000001
Bonneville,2020-04-19,219,453630122021400,10.529166666666663,50.95249999999999
Bonneville,2020-04-20,241,453630122021400,10.83333333333333,51.5
Bonneville,2020-04-21,283,453630122021400,11.0375,51.8675
Bonneville,2020-04-22,383,453630122021400,11.174999999999999,52.114999999999995
Bonneville,2020-04-23,629,453630122021400,11.295833333333336,52.33250000000001
Bonneville,2020-04-24,380,453630122021400,11.483333333333333,52.67
Bonneville,2020-04-25,526,453630122021400,11.804166666666669,53.2475
Bonneville,2020-04-26,709,453630122021400,12.095833333333331,53.772499999999994
Bonneville,2020-04-27,815,453630122021400,12.266666666666664,54.08
Bonneville,2020-04-28,1650,453630122021400,12.5375,54.567499999999995
Bonneville,2020-04-29,1542,453630122021400,12.675000000000002,54.815000000000005
Bonneville,2020-04-30,1836,453630122021400,12.745833333333335,54.9425
Bonneville,2020-05-01,2806,453630122021400,12.745833333333332,54.942499999999995
Bonneville,2020-05-02,1245,453630122021400,12.808333333333337,55.05500000000001
Bonneville,2020-05-03,1207,453630122021400,12.766666666666664,54.98
Bonneville,2020-05-04,2534,453630122021400,12.874999999999998,55.175
Bonneville,2020-05-05,2923,453630122021400,12.97916666666667,55.362500000000004
Bonneville,2020-05-06,2637,453630122021400,12.995833333333332,55.3925
Bonneville,2020-05-07,1840,453630122021400,12.904166666666667,55.2275
Bonneville,2020-05-08,1904,453630122021400,12.875,55.175
Bonneville,2020-05-09,2761,453630122021400,13.275,55.894999999999996
Bonneville,2020-05-10,3002,453630122021400,13.658333333333333,56.585
Bonneville,2020-05-11,1478,453630122021400,13.654166666666669,56.5775
Bonneville,2020-05-12,886,453630122021400,13.370833333333337,56.06750000000001
Bonneville,2020-05-13,735,453630122021400,13.199999999999994,55.75999999999999
Bonneville,2020-05-14,743,453630122021400,13.208333333333329,55.77499999999999
Bonneville,2020-05-15,1248,453630122021400,13.212499999999999,55.7825
Bonneville,2020-05-16,1121,453630122021400,13.212499999999999,55.7825
Bonneville,2020-05-17,1915,453630122021400,13.049999999999999,55.489999999999995
Bonneville,2020-05-18,984,453630122021400,13.004166666666668,55.4075
Bonneville,2020-05-19,675,453630122021400,12.895833333333336,55.212500000000006
Bonneville,2020-05-20,520,453630122021400,12.899999999999999,55.22
Bonneville,2020-05-21,689,453630122021400,12.874999999999998,55.175
Bonneville,2020-05-22,676,453630122021400,12.912500000000003,55.24250000000001
Bonneville,2020-05-23,1031,453630122021400,12.983333333333334,55.370000000000005
Bonneville,2020-05-24,1805,453630122021400,13.137499999999994,55.647499999999994
Bonneville,2020-05-25,750,453630122021400,13.195833333333331,55.7525
Bonneville,2020-05-26,919,453630122021400,13.316666666666665,55.97
Bonneville,2020-05-27,1238,453630122021400,13.50416666666667,56.307500000000005
Bonneville,2020-05-28,1016,453630122021400,13.77083333333333,56.787499999999994
Bonneville,2020-05-29,1485,453630122021400,14.049999999999997,57.28999999999999
Bonneville,2020-05-30,1309,453630122021400,14.116666666666667,57.41
Bonneville,2020-05-31,1129,453630122021400,14.26666666666666,57.67999999999999
