Project,Chin,date,site_no,gage_height_ft,temp_f
Willamette Falls,0.0,03/01/2009,14211720,4.325625,43.647499999999994
Willamette Falls,0.0,03/02/2009,14211720,4.332291666666667,43.7
Willamette Falls,0.0,03/03/2009,14211720,4.3897916666666665,44.35625
Willamette Falls,0.0,03/04/2009,14211720,4.468541666666668,45.391250000000014
Willamette Falls,0.0,03/05/2009,14211720,4.307499999999999,46.32874999999999
Willamette Falls,0.0,03/06/2009,14211720,4.259791666666666,46.287499999999994
Willamette Falls,1.0,03/07/2009,14211720,4.1175,45.39125
Willamette Falls,0.0,03/08/2009,14211720,3.9721739130434774,44.74869565217391
Willamette Falls,0.0,03/09/2009,14211720,4.016041666666667,44.5625
Willamette Falls,0.0,03/10/2009,14211720,3.9664583333333336,43.99249999999999
Willamette Falls,0.0,03/11/2009,14211720,3.8981250000000003,43.535000000000004
Willamette Falls,0.0,03/12/2009,14211720,3.654791666666666,43.28
Willamette Falls,1.0,03/13/2009,14211720,3.6543749999999986,43.235
Willamette Falls,1.0,03/14/2009,14211720,3.8647916666666666,43.4825
Willamette Falls,2.0,03/15/2009,14211720,4.267659574468085,43.925000000000004
Willamette Falls,1.0,03/16/2009,14211720,4.4745833333333325,44.55125000000001
Willamette Falls,0.0,03/17/2009,14211720,4.304375,45.368750000000006
Willamette Falls,0.0,03/18/2009,14211720,4.268958333333335,45.46250000000001
Willamette Falls,0.0,03/19/2009,14211720,3.8560416666666666,46.1375
Willamette Falls,0.0,03/20/2009,14211720,3.5779166666666664,47.210000000000015
Willamette Falls,2.0,03/21/2009,14211720,3.3879166666666656,47.97874999999999
Willamette Falls,3.0,03/22/2009,14211720,3.5925000000000007,48.11
Willamette Falls,1.0,03/23/2009,14211720,3.5050000000000003,48.042500000000004
Willamette Falls,1.0,03/24/2009,14211720,4.365416666666667,47.690000000000005
Willamette Falls,0.0,03/25/2009,14211720,4.5879166666666675,47.00750000000001
Willamette Falls,0.0,03/26/2009,14211720,4.789583333333334,46.28
Willamette Falls,1.0,03/27/2009,14211720,5.421666666666666,46.66624999999999
Willamette Falls,1.0,03/28/2009,14211720,4.958333333333333,47.30375000000001
Willamette Falls,3.0,03/29/2009,14211720,5.563749999999999,47.04875
Willamette Falls,0.0,03/30/2009,14211720,5.739791666666668,46.7975
Willamette Falls,1.0,04/01/2009,14211720,4.724791666666666,46.1
Willamette Falls,2.0,04/02/2009,14211720,5.164375,46.0775
Willamette Falls,1.0,04/03/2009,14211720,4.806666666666666,46.129999999999995
Willamette Falls,0.0,04/04/2009,14211720,4.600833333333333,46.26500000000001
Willamette Falls,9.0,04/05/2009,14211720,4.389791666666668,46.932500000000005
Willamette Falls,9.0,04/06/2009,14211720,4.490625000000001,47.5475
Willamette Falls,5.0,04/07/2009,14211720,4.911875,48.676249999999996
Willamette Falls,5.0,04/08/2009,14211720,5.006875,49.928749999999994
Willamette Falls,16.0,04/09/2009,14211720,5.180833333333332,50.427499999999995
Willamette Falls,12.0,04/10/2009,14211720,6.19125,50.629999999999995
Willamette Falls,23.0,04/11/2009,14211720,6.87625,49.973749999999995
Willamette Falls,34.0,04/12/2009,14211720,6.956041666666667,49.81625000000001
Willamette Falls,27.0,04/13/2009,14211720,7.261250000000003,49.65874999999998
Willamette Falls,5.0,04/14/2009,14211720,7.028749999999999,48.957499999999996
Willamette Falls,10.0,04/15/2009,14211720,7.3883333333333345,48.56
Willamette Falls,5.0,04/16/2009,14211720,6.696041666666667,48.08000000000001
Willamette Falls,9.0,04/17/2009,14211720,6.100208333333335,48.29
Willamette Falls,26.0,04/18/2009,14211720,6.084791666666668,48.916250000000005
Willamette Falls,58.0,04/19/2009,14211720,5.591875000000001,50.08624999999999
Willamette Falls,160.0,04/20/2009,14211720,5.552499999999998,51.47
Willamette Falls,226.0,04/21/2009,14211720,6.155208333333334,52.63624999999999
Willamette Falls,425.0,04/22/2009,14211720,6.974166666666665,53.644999999999996
Willamette Falls,310.0,04/23/2009,14211720,7.411874999999999,54.10249999999998
Willamette Falls,488.0,04/24/2009,14211720,8.529166666666667,54.16999999999999
Willamette Falls,356.0,04/25/2009,14211720,9.482916666666664,53.93000000000002
Willamette Falls,178.0,04/26/2009,14211720,8.860625,52.99625000000002
Willamette Falls,67.0,04/27/2009,14211720,8.608125,52.57625
Willamette Falls,22.0,04/28/2009,14211720,8.188541666666666,51.845
Willamette Falls,25.0,04/29/2009,14211720,7.778749999999998,51.09500000000001
Willamette Falls,9.0,04/30/2009,14211720,6.994583333333332,51.065
Willamette Falls,158.0,05/01/2009,14211720,6.326875000000001,51.166250000000005
Willamette Falls,322.0,05/02/2009,14211720,5.7662499999999985,51.785000000000004
Willamette Falls,1257.0,05/03/2009,14211720,5.863541666666667,52.64375
Willamette Falls,642.0,05/04/2009,14211720,5.292083333333333,53.45
Willamette Falls,995.0,05/05/2009,14211720,6.344583333333335,53.73875
Willamette Falls,75.0,05/06/2009,14211720,7.409583333333334,52.489999999999995
Willamette Falls,13.0,05/07/2009,14211720,9.365208333333337,51.24875
Willamette Falls,4.0,05/08/2009,14211720,9.666458333333333,50.611250000000005
Willamette Falls,22.0,05/09/2009,14211720,8.840416666666666,50.9975
Willamette Falls,38.0,05/10/2009,14211720,8.125208333333335,51.61625
Willamette Falls,63.0,05/11/2009,14211720,7.268958333333334,52.535
Willamette Falls,83.0,05/12/2009,14211720,7.42875,53.435
Willamette Falls,205.0,05/13/2009,14211720,7.511666666666666,53.50999999999999
Willamette Falls,342.0,05/14/2009,14211720,8.103125,53.54375
Willamette Falls,86.0,05/15/2009,14211720,7.302916666666666,52.790000000000006
Willamette Falls,105.0,05/16/2009,14211720,7.325625000000001,53.075
Willamette Falls,477.0,05/17/2009,14211720,7.074999999999999,54.35000000000001
Willamette Falls,1178.0,05/19/2009,14211720,7.415625000000001,57.15875
Willamette Falls,740.0,05/20/2009,14211720,8.400624999999996,57.41374999999999
Willamette Falls,487.0,05/21/2009,14211720,9.065416666666668,57.17375
Willamette Falls,383.0,05/22/2009,14211720,9.594583333333334,56.6225
Willamette Falls,516.0,05/23/2009,14211720,9.676041666666668,56.33
Willamette Falls,521.0,05/24/2009,14211720,8.650416666666665,57.1925
Willamette Falls,524.0,05/25/2009,14211720,9.30979166666667,58.2125
Willamette Falls,471.0,05/26/2009,14211720,10.086153846153845,58.8425
Willamette Falls,538.0,05/27/2009,14211720,10.18477876106194,59.251249999999985
Willamette Falls,530.0,05/28/2009,14211720,10.133125000000003,60.053749999999994
Willamette Falls,552.0,05/29/2009,14211720,10.126666666666667,60.81875
Willamette Falls,1077.0,05/30/2009,14211720,9.956666666666667,61.6925
Willamette Falls,661.0,05/31/2009,14211720,9.963125,62.682500000000005
Willamette Falls,0.0,03/01/2010,14211720,5.04625,48.61250000000001
Willamette Falls,0.0,03/02/2010,14211720,5.079166666666668,48.76249999999999
Willamette Falls,1.0,03/04/2010,14211720,4.548958333333334,48.766249999999985
Willamette Falls,0.0,03/05/2010,14211720,4.160833333333333,48.90875
Willamette Falls,2.0,03/06/2010,14211720,3.807916666666667,48.9125
Willamette Falls,2.0,03/07/2010,14211720,3.5687499999999996,48.9125
Willamette Falls,11.0,03/08/2010,14211720,3.204166666666667,48.8975
Willamette Falls,6.0,03/09/2010,14211720,2.596666666666667,48.69124999999998
Willamette Falls,2.0,03/10/2010,14211720,3.050625,48.541250000000005
Willamette Falls,2.0,03/11/2010,14211720,3.3604166666666675,48.47
Willamette Falls,1.0,03/12/2010,14211720,4.155208333333334,48.068749999999994
Willamette Falls,5.0,03/13/2010,14211720,4.056875,47.003750000000004
Willamette Falls,1.0,03/14/2010,14211720,3.789565217391306,46.646521739130435
Willamette Falls,0.0,03/15/2010,14211720,3.752916666666666,46.591249999999995
Willamette Falls,3.0,03/16/2010,14211720,3.8700000000000006,46.763749999999995
Willamette Falls,4.0,03/17/2010,14211720,3.68625,47.176249999999996
Willamette Falls,4.0,03/18/2010,14211720,3.285833333333333,47.82500000000001
Willamette Falls,9.0,03/19/2010,14211720,3.0179166666666664,48.38749999999999
Willamette Falls,10.0,03/20/2010,14211720,3.085416666666666,48.785
Willamette Falls,7.0,03/21/2010,14211720,3.3112500000000007,49.20125
Willamette Falls,24.0,03/22/2010,14211720,2.8104166666666663,49.565
Willamette Falls,22.0,03/23/2010,14211720,2.245833333333333,49.895
Willamette Falls,43.0,03/24/2010,14211720,2.4281249999999996,50.65625
Willamette Falls,37.0,03/25/2010,14211720,2.869791666666666,51.256249999999994
Willamette Falls,32.0,03/26/2010,14211720,3.336666666666666,51.31249999999999
Willamette Falls,33.0,03/27/2010,14211720,3.3920833333333342,50.97125000000001
Willamette Falls,52.0,03/28/2010,14211720,4.410625,50.90750000000001
Willamette Falls,10.0,03/29/2010,14211720,5.499791666666666,49.71124999999999
Willamette Falls,1.0,03/30/2010,14211720,7.361874999999999,48.192499999999995
Willamette Falls,1.0,03/31/2010,14211720,7.710833333333334,47.491249999999994
Willamette Falls,0.0,04/01/2010,14211720,7.22125,46.793749999999996
Willamette Falls,6.0,04/02/2010,14211720,6.329791666666666,46.913749999999986
Willamette Falls,0.0,04/03/2010,14211720,5.908750000000001,47.26250000000002
Willamette Falls,2.0,04/04/2010,14211720,5.494374999999999,47.239999999999995
Willamette Falls,1.0,04/05/2010,14211720,5.005416666666667,46.50500000000001
Willamette Falls,1.0,04/06/2010,14211720,4.623958333333332,46.587500000000006
Willamette Falls,2.0,04/07/2010,14211720,3.5672916666666676,46.90999999999999
Willamette Falls,2.0,04/08/2010,14211720,3.778750000000001,47.5475
Willamette Falls,5.0,04/09/2010,14211720,3.1099999999999994,48.35000000000001
Willamette Falls,11.0,04/10/2010,14211720,3.296666666666667,48.946250000000006
Willamette Falls,15.0,04/11/2010,14211720,3.9568749999999984,49.047499999999985
Willamette Falls,53.0,04/12/2010,14211720,4.053333333333334,49.53125
Willamette Falls,176.0,04/13/2010,14211720,4.124375,50.457499999999996
Willamette Falls,909.0,04/14/2010,14211720,4.149166666666666,51.27874999999999
Willamette Falls,753.0,04/16/2010,14211720,4.320833333333334,52.49375
Willamette Falls,429.0,04/17/2010,14211720,4.359583333333335,52.60625
Willamette Falls,948.0,04/18/2010,14211720,4.3218749999999995,52.955
Willamette Falls,894.0,04/19/2010,14211720,4.315833333333332,53.27749999999999
Willamette Falls,2451.0,04/20/2010,14211720,4.293541666666667,53.45375000000001
Willamette Falls,1481.0,04/21/2010,14211720,4.6762500000000005,53.322500000000005
Willamette Falls,689.0,04/22/2010,14211720,4.292708333333334,52.96624999999999
Willamette Falls,165.0,04/23/2010,14211720,4.681041666666668,52.317499999999995
Willamette Falls,355.0,04/24/2010,14211720,5.293541666666669,51.79625000000001
Willamette Falls,929.0,04/25/2010,14211720,5.038541666666666,52.0775
Willamette Falls,1977.0,04/26/2010,14211720,5.437083333333333,52.64750000000001
Willamette Falls,1682.0,04/27/2010,14211720,6.233958333333335,53.10875
Willamette Falls,640.0,04/28/2010,14211720,6.40354166666667,52.917500000000004
Willamette Falls,78.0,04/29/2010,14211720,6.436875,52.10374999999999
Willamette Falls,42.0,04/30/2010,14211720,6.143541666666667,51.35375000000001
Willamette Falls,59.0,05/01/2010,14211720,5.833333333333333,51.24125000000001
Willamette Falls,106.0,05/02/2010,14211720,5.740416666666666,51.308749999999996
Willamette Falls,266.0,05/03/2010,14211720,5.460416666666666,52.1525
Willamette Falls,727.0,05/04/2010,14211720,5.420000000000001,52.4075
Willamette Falls,648.0,05/05/2010,14211720,5.289375,52.34
Willamette Falls,430.0,05/06/2010,14211720,4.477682926829268,51.522499999999994
Willamette Falls,165.0,05/07/2010,14211720,4.193333333333334,51.06125
Willamette Falls,1031.0,05/08/2010,14211720,4.267499999999999,51.5
Willamette Falls,2644.0,05/09/2010,14211720,4.296250000000001,52.71875000000001
Willamette Falls,2447.0,05/10/2010,14211720,4.445833333333334,53.97875000000001
Willamette Falls,2361.0,05/11/2010,14211720,4.613125000000001,54.75875
Willamette Falls,2185.0,05/12/2010,14211720,4.389583333333332,55.12625
Willamette Falls,2018.0,05/13/2010,14211720,5.219791666666667,55.43000000000001
Willamette Falls,1813.0,05/14/2010,14211720,5.815416666666668,55.80875
Willamette Falls,2088.0,05/15/2010,14211720,5.181250000000001,56.329999999999984
Willamette Falls,1969.0,05/16/2010,14211720,5.119375,57.39875
Willamette Falls,1467.0,05/17/2010,14211720,5.412291666666667,58.610000000000014
Willamette Falls,1683.0,05/18/2010,14211720,5.977500000000002,59.4725
Willamette Falls,950.0,05/19/2010,14211720,6.265000000000001,59.56625
Willamette Falls,657.0,05/20/2010,14211720,6.489999999999999,58.81999999999999
Willamette Falls,377.0,05/21/2010,14211720,6.695208333333336,57.451250000000016
Willamette Falls,186.0,05/22/2010,14211720,7.420000000000002,55.79
Willamette Falls,91.0,05/23/2010,14211720,6.848541666666667,54.537499999999994
Willamette Falls,96.0,05/24/2010,14211720,6.584375000000001,53.71625
Willamette Falls,68.0,05/25/2010,14211720,7.395,53.15375
Willamette Falls,203.0,05/26/2010,14211720,6.882708333333333,53.09749999999998
Willamette Falls,149.0,05/27/2010,14211720,6.683125000000003,53.77624999999999
Willamette Falls,350.0,05/28/2010,14211720,6.719166666666667,54.27404255319149
Willamette Falls,387.0,05/29/2010,14211720,5.869166666666668,54.8075
Willamette Falls,331.0,05/30/2010,14211720,5.980833333333334,54.781250000000014
Willamette Falls,385.0,05/31/2010,14211720,6.7093750000000005,55.38124999999999
Willamette Falls,0.0,03/01/2011,14211720,7.422916666666668,40.115
Willamette Falls,0.0,03/02/2011,14211720,8.560416666666667,41.6675
Willamette Falls,0.0,03/03/2011,14211720,8.830625,42.87875
Willamette Falls,0.0,03/04/2011,14211720,8.199374999999996,43.89124999999999
Willamette Falls,0.0,03/05/2011,14211720,7.763124999999999,44.247499999999995
Willamette Falls,0.0,03/06/2011,14211720,7.304583333333334,44.52125000000001
Willamette Falls,0.0,03/07/2011,14211720,7.132708333333333,45.07249999999999
Willamette Falls,0.0,03/08/2011,14211720,7.232499999999999,45.56000000000001
Willamette Falls,0.0,03/09/2011,14211720,7.109791666666666,45.995000000000005
Willamette Falls,0.0,03/10/2011,14211720,8.246875000000001,46.692499999999995
Willamette Falls,0.0,03/11/2011,14211720,8.862083333333333,46.79374999999999
Willamette Falls,0.0,03/12/2011,14211720,8.92375,46.86875
Willamette Falls,0.0,03/13/2011,14211720,8.31173913043478,46.55652173913043
Willamette Falls,0.0,03/14/2011,14211720,7.943958333333335,46.493750000000006
Willamette Falls,0.0,03/15/2011,14211720,8.448333333333329,46.59124999999999
Willamette Falls,0.0,03/16/2011,14211720,9.183750000000002,46.625000000000014
Willamette Falls,0.0,03/17/2011,14211720,9.413958333333335,46.396249999999995
Willamette Falls,0.0,03/18/2011,14211720,10.209791666666666,45.63125
Willamette Falls,0.0,03/19/2011,14211720,10.111458333333333,45.6725
Willamette Falls,0.0,03/20/2011,14211720,9.479375,46.03249999999999
Willamette Falls,0.0,03/21/2011,14211720,8.843333333333332,46.19375
Willamette Falls,1.0,03/22/2011,14211720,7.913541666666666,46.37375
Willamette Falls,1.0,03/23/2011,14211720,8.060833333333333,46.63624999999999
Willamette Falls,0.0,03/24/2011,14211720,8.327708333333332,46.92125
Willamette Falls,1.0,03/25/2011,14211720,8.11854166666667,46.84625000000001
Willamette Falls,2.0,03/26/2011,14211720,7.7868749999999975,46.57625
Willamette Falls,2.0,03/27/2011,14211720,7.639166666666667,46.81625000000001
Willamette Falls,6.0,03/28/2011,14211720,7.720416666666668,47.1125
Willamette Falls,2.0,03/29/2011,14211720,7.271874999999998,47.44625
Willamette Falls,2.0,03/30/2011,14211720,8.113125000000002,47.43875000000001
Willamette Falls,0.0,03/31/2011,14211720,9.33375,47.8475
Willamette Falls,1.0,04/01/2011,14211720,10.356874999999999,48.6575
Willamette Falls,0.0,04/02/2011,14211720,11.459166666666667,49.4375
Willamette Falls,4.0,04/03/2011,14211720,12.44645833333333,49.56499999999999
Willamette Falls,5.0,04/04/2011,14211720,12.997916666666669,49.25375
Willamette Falls,1.0,04/05/2011,14211720,13.613333333333332,47.825
Willamette Falls,1.0,04/06/2011,14211720,14.089999999999998,47.386250000000004
Willamette Falls,3.0,04/07/2011,14211720,13.554583333333332,47.2025
Willamette Falls,1.0,04/08/2011,14211720,12.08,47.02624999999998
Willamette Falls,3.0,04/09/2011,14211720,11.14645833333333,47.02624999999999
Willamette Falls,5.0,04/10/2011,14211720,10.994999999999997,47.386250000000004
Willamette Falls,5.0,04/11/2011,14211720,10.882291666666665,48.061249999999994
Willamette Falls,14.0,04/12/2011,14211720,10.37416666666667,48.27875000000002
Willamette Falls,16.0,04/13/2011,14211720,9.951041666666669,48.785000000000004
Willamette Falls,12.0,04/14/2011,14211720,9.445416666666667,48.63125000000001
Willamette Falls,39.0,04/15/2011,14211720,9.335416666666667,48.34624999999999
Willamette Falls,9.0,04/16/2011,14211720,9.931458333333333,48.18499999999998
Willamette Falls,6.0,04/17/2011,14211720,10.008750000000001,47.82499999999999
Willamette Falls,2.0,04/19/2011,14211720,10.911458333333336,47.95250000000001
Willamette Falls,8.0,04/20/2011,14211720,10.769999999999998,48.35750000000001
Willamette Falls,8.0,04/21/2011,14211720,10.317083333333334,48.69124999999999
Willamette Falls,6.0,04/22/2011,14211720,9.893541666666666,48.79625
Willamette Falls,11.0,04/23/2011,14211720,9.29541666666667,49.17875
Willamette Falls,109.0,04/24/2011,14211720,8.291041666666665,49.89125
Willamette Falls,764.0,04/25/2011,14211720,8.010625,50.585
Willamette Falls,588.0,04/26/2011,14211720,7.929375000000001,51.06875000000001
Willamette Falls,188.0,04/27/2011,14211720,8.078125,51.008750000000006
Willamette Falls,110.0,04/28/2011,14211720,8.619166666666665,50.27374999999999
Willamette Falls,42.0,04/29/2011,14211720,8.498125,49.317499999999995
Willamette Falls,32.0,04/30/2011,14211720,7.646874999999999,49.437499999999986
Willamette Falls,40.0,05/01/2011,14211720,7.383750000000002,49.595000000000006
Willamette Falls,253.0,05/02/2011,14211720,8.045416666666664,50.37125
Willamette Falls,480.0,05/03/2011,14211720,7.631666666666669,51.07625
Willamette Falls,941.0,05/04/2011,14211720,7.821250000000002,51.72125000000001
Willamette Falls,2037.0,05/05/2011,14211720,8.038541666666667,52.44125000000001
Willamette Falls,1549.0,05/06/2011,14211720,7.507708333333334,52.5125
Willamette Falls,1306.0,05/07/2011,14211720,7.677916666666669,52.56125000000001
Willamette Falls,640.0,05/08/2011,14211720,7.365416666666666,52.24625
Willamette Falls,348.0,05/09/2011,14211720,7.8835416666666704,51.74750000000001
Willamette Falls,195.0,05/10/2011,14211720,8.375416666666668,51.349999999999994
Willamette Falls,175.0,05/11/2011,14211720,8.700208333333334,51.762499999999996
Willamette Falls,562.0,05/12/2011,14211720,8.10270833333333,51.88250000000001
Willamette Falls,651.0,05/13/2011,14211720,9.224791666666667,52.587500000000006
Willamette Falls,658.0,05/14/2011,14211720,10.65708333333333,53.029999999999994
Willamette Falls,1021.0,05/15/2011,14211720,11.563333333333327,53.14249999999999
Willamette Falls,311.0,05/16/2011,14211720,13.231458333333329,52.97
Willamette Falls,34.0,05/17/2011,14211720,14.613958333333338,52.227500000000006
Willamette Falls,139.0,05/18/2011,14211720,15.22145833333333,52.03999999999999
Willamette Falls,549.0,05/19/2011,14211720,15.473333333333338,53.09750000000001
Willamette Falls,1118.0,05/20/2011,14211720,15.410945273631839,53.94874999999999
Willamette Falls,967.0,05/21/2011,14211720,15.429479166666669,54.96500000000002
Willamette Falls,540.0,05/22/2011,14211720,15.236666666666663,55.64750000000003
Willamette Falls,549.0,05/23/2011,14211720,15.206491228070178,55.816249999999975
Willamette Falls,355.0,05/24/2011,14211720,15.442142857142864,55.70375
Willamette Falls,239.0,05/25/2011,14211720,15.454888888888895,55.29125000000001
Willamette Falls,837.0,05/26/2011,14211720,15.559999999999997,54.96500000000002
Willamette Falls,331.0,05/27/2011,14211720,15.660000000000005,54.923749999999984
Willamette Falls,64.0,05/28/2011,14211720,16.052708333333324,54.271249999999995
Willamette Falls,17.0,05/29/2011,14211720,16.370208333333338,52.77875
Willamette Falls,25.0,05/30/2011,14211720,16.64375,52.1825
Willamette Falls,28.0,05/31/2011,14211720,16.802708333333328,52.013749999999995
Willamette Falls,0.0,03/01/2012,14211720,4.353437500000001,42.46625
Willamette Falls,0.0,03/02/2012,14211720,4.023437500000001,42.14375
Willamette Falls,0.0,03/03/2012,14211720,4.336250000000001,42.50000000000001
Willamette Falls,0.0,03/04/2012,14211720,4.321666666666667,43.55375
Willamette Falls,0.0,03/05/2012,14211720,4.905833333333334,44.738749999999996
Willamette Falls,0.0,03/06/2012,14211720,4.962708333333332,45.188750000000006
Willamette Falls,1.0,03/07/2012,14211720,5.342812500000001,44.8775
Willamette Falls,0.0,03/08/2012,14211720,5.2268750000000015,44.495000000000005
Willamette Falls,0.0,03/09/2012,14211720,5.569375,44.24000000000001
Willamette Falls,0.0,03/10/2012,14211720,5.5415625,44.427499999999995
Willamette Falls,0.0,03/11/2012,14211720,5.858804347826087,45.00695652173913
Willamette Falls,0.0,03/12/2012,14211720,6.10875,45.597500000000004
Willamette Falls,0.0,03/13/2012,14211720,7.297395833333334,45.32
Willamette Falls,0.0,03/14/2012,14211720,7.694791666666668,44.11625
Willamette Falls,0.0,03/15/2012,14211720,8.258333333333338,43.805
Willamette Falls,0.0,03/16/2012,14211720,9.818958333333335,44.435
Willamette Falls,0.0,03/17/2012,14211720,10.673333333333334,45.503750000000004
Willamette Falls,0.0,03/18/2012,14211720,10.522708333333338,45.91625
Willamette Falls,0.0,03/19/2012,14211720,9.860312499999997,45.58249999999998
Willamette Falls,0.0,03/20/2012,14211720,9.547083333333338,45.042500000000004
Willamette Falls,0.0,03/21/2012,14211720,9.260104166666663,44.14625
Willamette Falls,0.0,03/22/2012,14211720,10.257500000000002,43.25749999999999
Willamette Falls,0.0,03/23/2012,14211720,10.243333333333332,42.17375
Willamette Falls,0.0,03/24/2012,14211720,10.3109375,43.49375
Willamette Falls,0.0,03/25/2012,14211720,10.631770833333329,45.305
Willamette Falls,0.0,03/26/2012,14211720,10.035625000000005,46.39625000000001
Willamette Falls,0.0,03/27/2012,14211720,9.402708333333331,46.50500000000001
Willamette Falls,0.0,03/28/2012,14211720,9.434895833333334,46.61750000000001
Willamette Falls,0.0,03/29/2012,14211720,10.066770833333338,46.94749999999999
Willamette Falls,0.0,03/30/2012,14211720,12.015833333333335,47.011250000000004
Willamette Falls,0.0,03/31/2012,14211720,15.054479166666665,46.26125000000001
Willamette Falls,0.0,04/01/2012,14211720,15.572395833333347,46.29124999999999
Willamette Falls,0.0,04/02/2012,14211720,15.691250000000009,46.51624999999999
Willamette Falls,0.0,04/03/2012,14211720,15.579583333333316,47.02999999999999
Willamette Falls,0.0,04/04/2012,14211720,15.120937500000004,47.292500000000004
Willamette Falls,0.0,04/05/2012,14211720,13.68302083333334,46.96625000000002
Willamette Falls,0.0,04/06/2012,14211720,12.404270833333335,46.463750000000005
Willamette Falls,0.0,04/07/2012,14211720,12.595624999999998,46.54624999999999
Willamette Falls,0.0,04/08/2012,14211720,12.470937499999993,47.378750000000004
Willamette Falls,2.0,04/09/2012,14211720,11.57302083333333,48.12125
Willamette Falls,20.0,04/11/2012,14211720,9.532916666666663,50.228750000000005
Willamette Falls,23.0,04/12/2012,14211720,10.035520833333335,50.49125
Willamette Falls,18.0,04/13/2012,14211720,9.619687500000003,50.52875
Willamette Falls,36.0,04/14/2012,14211720,9.6609375,50.311250000000015
Willamette Falls,34.0,04/15/2012,14211720,8.98875,50.58874999999999
Willamette Falls,42.0,04/16/2012,14211720,8.778333333333329,50.97125
Willamette Falls,51.0,04/17/2012,14211720,9.033437500000002,50.974999999999994
Willamette Falls,29.0,04/18/2012,14211720,9.59239583333333,50.708749999999995
Willamette Falls,9.0,04/19/2012,14211720,10.261979166666668,49.44125
Willamette Falls,16.0,04/20/2012,14211720,10.70760416666666,48.71374999999998
Willamette Falls,7.0,04/21/2012,14211720,10.982083333333337,49.16375000000001
Willamette Falls,16.0,04/22/2012,14211720,11.045000000000003,50.6975
Willamette Falls,34.0,04/23/2012,14211720,11.665104166666664,52.32874999999999
Willamette Falls,319.0,04/24/2012,14211720,12.10625000000001,53.7275
Willamette Falls,603.0,04/25/2012,14211720,12.170520833333336,54.275000000000006
Willamette Falls,283.0,04/26/2012,14211720,13.921979166666667,53.93000000000001
Willamette Falls,165.0,04/27/2012,14211720,14.387604166666664,52.032499999999985
Willamette Falls,28.0,04/28/2012,14211720,14.369791666666652,51.16625000000001
Willamette Falls,50.0,04/29/2012,14211720,14.25666666666666,50.43874999999999
Willamette Falls,65.0,04/30/2012,14211720,13.798437500000013,51.128750000000004
Willamette Falls,55.0,05/01/2012,14211720,13.311249999999989,51.73624999999999
Willamette Falls,86.0,05/02/2012,14211720,13.568854166666684,51.848749999999995
Willamette Falls,47.0,05/03/2012,14211720,13.75385416666667,51.068749999999994
Willamette Falls,27.0,05/04/2012,14211720,14.530208333333329,50.32250000000002
Willamette Falls,26.0,05/05/2012,14211720,14.462916666666674,50.345
Willamette Falls,32.0,05/06/2012,14211720,14.106979166666656,50.131250000000016
Willamette Falls,52.0,05/07/2012,14211720,13.58708333333334,50.41999999999999
Willamette Falls,282.0,05/08/2012,14211720,12.64239583333333,51.92
Willamette Falls,2087.0,05/09/2012,14211720,11.71375,53.495000000000005
Willamette Falls,1676.0,05/10/2012,14211720,11.131145833333337,54.33500000000001
Willamette Falls,1694.0,05/11/2012,14211720,10.703333333333331,54.575
Willamette Falls,1184.0,05/12/2012,14211720,10.35416666666667,54.69125
Willamette Falls,1390.0,05/13/2012,14211720,10.030104166666666,55.11875
Willamette Falls,1435.0,05/14/2012,14211720,9.045937499999997,56.13875
Willamette Falls,1487.0,05/15/2012,14211720,8.9628125,57.42875000000001
Willamette Falls,1460.0,05/16/2012,14211720,9.520000000000001,58.72624999999999
Willamette Falls,811.0,05/17/2012,14211720,9.432812499999997,59.55125000000001
Willamette Falls,678.0,05/18/2012,14211720,10.080729166666668,59.51749999999999
Willamette Falls,567.0,05/19/2012,14211720,10.9134375,58.90249999999999
Willamette Falls,258.0,05/20/2012,14211720,10.86760416666666,58.302500000000016
Willamette Falls,206.0,05/21/2012,14211720,10.823229166666664,57.72125000000001
Willamette Falls,235.0,05/22/2012,14211720,10.570104166666665,56.693749999999994
Willamette Falls,157.0,05/23/2012,14211720,10.951145833333335,55.98874999999999
Willamette Falls,96.0,05/24/2012,14211720,11.315,55.58375000000001
Willamette Falls,73.0,05/25/2012,14211720,11.446041666666668,55.141249999999985
Willamette Falls,78.0,05/26/2012,14211720,11.309374999999994,54.97249999999999
Willamette Falls,208.0,05/27/2012,14211720,10.476770833333335,54.769999999999996
Willamette Falls,283.0,05/28/2012,14211720,9.616249999999999,55.1
Willamette Falls,470.0,05/29/2012,14211720,8.783958333333333,55.15625
Willamette Falls,830.0,05/30/2012,14211720,8.4815625,55.68875000000001
Willamette Falls,933.0,05/31/2012,14211720,8.312395833333333,56.32624999999999
Willamette Falls,0.0,03/01/2013,14211720,4.245,45.410000000000004
Willamette Falls,0.0,03/02/2013,14211720,4.2664583333333335,45.84124999999999
Willamette Falls,0.0,03/03/2013,14211720,3.906458333333332,46.4825
Willamette Falls,0.0,03/04/2013,14211720,3.5340625000000006,46.7825
Willamette Falls,1.0,03/05/2013,14211720,3.6658333333333335,46.621249999999996
Willamette Falls,1.0,03/06/2013,14211720,3.8056249999999996,45.983749999999986
Willamette Falls,1.0,03/07/2013,14211720,3.7950000000000004,45.485
Willamette Falls,0.0,03/08/2013,14211720,3.9594791666666667,45.24875
Willamette Falls,0.0,03/09/2013,14211720,3.7834374999999985,45.2675
Willamette Falls,0.0,03/10/2013,14211720,3.7521739130434786,45.63695652173913
Willamette Falls,0.0,03/11/2013,14211720,3.8139583333333356,46.11125
Willamette Falls,0.0,03/12/2013,14211720,3.9516666666666667,46.7225
Willamette Falls,1.0,03/13/2013,14211720,4.034999999999998,47.056250000000006
Willamette Falls,0.0,03/14/2013,14211720,3.968020833333332,47.5775
Willamette Falls,1.0,03/15/2013,14211720,3.826770833333334,48.68375000000002
Willamette Falls,1.0,03/16/2013,14211720,3.6562499999999987,49.74125
Willamette Falls,1.0,03/17/2013,14211720,3.440833333333334,49.91
Willamette Falls,1.0,03/18/2013,14211720,2.95083333333333,49.68125
Willamette Falls,3.0,03/19/2013,14211720,2.555520833333333,49.34374999999999
Willamette Falls,0.0,03/20/2013,14211720,3.5111458333333325,48.75875
Willamette Falls,1.0,03/21/2013,14211720,3.481250000000001,47.63375
Willamette Falls,0.0,03/22/2013,14211720,3.262812500000001,46.9925
Willamette Falls,0.0,03/23/2013,14211720,3.317187499999998,46.88
Willamette Falls,1.0,03/24/2013,14211720,3.4650000000000003,46.370000000000005
Willamette Falls,1.0,03/25/2013,14211720,3.761562499999999,46.09869565217391
Willamette Falls,1.0,03/26/2013,14211720,4.056666666666667,46.22
Willamette Falls,1.0,03/27/2013,14211720,4.2184375,46.65875
Willamette Falls,2.0,03/28/2013,14211720,4.404791666666668,47.453750000000014
Willamette Falls,2.0,03/29/2013,14211720,4.3123958333333325,48.83
Willamette Falls,11.0,03/30/2013,14211720,4.4509375,50.31125
Willamette Falls,14.0,03/31/2013,14211720,5.061041666666666,51.85625
Willamette Falls,42.0,04/01/2013,14211720,5.286770833333334,53.05250000000001
Willamette Falls,21.0,04/02/2013,14211720,4.678750000000001,53.881249999999994
Willamette Falls,76.0,04/03/2013,14211720,4.162187500000002,54.32750000000001
Willamette Falls,128.0,04/04/2013,14211720,4.646354166666667,54.766250000000014
Willamette Falls,83.0,04/05/2013,14211720,5.632395833333333,54.511250000000004
Willamette Falls,74.0,04/06/2013,14211720,6.526145833333332,52.96624999999999
Willamette Falls,20.0,04/07/2013,14211720,7.493645833333335,51.53375
Willamette Falls,10.0,04/08/2013,14211720,8.383541666666668,50.17999999999999
Willamette Falls,1.0,04/09/2013,14211720,8.691666666666668,49.234999999999985
Willamette Falls,4.0,04/10/2013,14211720,9.336874999999997,48.724999999999994
Willamette Falls,4.0,04/11/2013,14211720,8.928124999999996,48.736250000000005
Willamette Falls,7.0,04/12/2013,14211720,9.11822916666667,49.25750000000001
Willamette Falls,4.0,04/13/2013,14211720,8.711874999999997,49.45624999999999
Willamette Falls,15.0,04/14/2013,14211720,7.520625000000002,49.141250000000014
Willamette Falls,15.0,04/15/2013,14211720,7.560624999999997,49.066250000000004
Willamette Falls,24.0,04/16/2013,14211720,7.7483333333333375,49.625
Willamette Falls,48.0,04/17/2013,14211720,7.162395833333332,50.01875
Willamette Falls,77.0,04/18/2013,14211720,6.1959375,50.22125
Willamette Falls,102.0,04/19/2013,14211720,5.715729166666663,50.87375000000001
Willamette Falls,297.0,04/20/2013,14211720,5.379999999999998,51.21875
Willamette Falls,338.0,04/21/2013,14211720,5.927291666666664,51.37624999999999
Willamette Falls,457.0,04/22/2013,14211720,6.431666666666669,52.036249999999995
Willamette Falls,223.0,04/23/2013,14211720,6.583541666666665,52.26875
Willamette Falls,495.0,04/24/2013,14211720,6.020520833333332,52.3925
Willamette Falls,991.0,04/25/2013,14211720,6.061458333333332,53.32625
Willamette Falls,1032.0,04/26/2013,14211720,5.9614583333333355,54.23375
Willamette Falls,628.0,04/27/2013,14211720,6.1915625,55.3625
Willamette Falls,908.0,04/28/2013,14211720,6.4411458333333345,56.198750000000004
Willamette Falls,1034.0,04/29/2013,14211720,6.507187500000001,56.851250000000014
Willamette Falls,501.0,04/30/2013,14211720,6.271874999999999,56.9825
Willamette Falls,324.0,05/01/2013,14211720,6.025520833333332,56.78375000000001
Willamette Falls,311.0,05/02/2013,14211720,5.682187499999999,56.87750000000001
Willamette Falls,451.0,05/03/2013,14211720,5.378020833333333,56.88304347826087
Willamette Falls,385.0,05/04/2013,14211720,5.4714583333333335,56.825
Willamette Falls,791.0,05/05/2013,14211720,5.663020833333331,57.379999999999995
Willamette Falls,885.0,05/06/2013,14211720,5.755312499999999,58.790000000000006
Willamette Falls,701.0,05/07/2013,14211720,6.128593750000001,59.96375000000002
Willamette Falls,601.0,05/08/2013,14211720,6.7562500000000005,60.84500000000001
Willamette Falls,508.0,05/09/2013,14211720,7.142187499999996,61.474042553191495
Willamette Falls,397.0,05/10/2013,14211720,7.618125,61.876249999999985
Willamette Falls,587.0,05/11/2013,14211720,8.760937500000002,62.57750000000001
Willamette Falls,513.0,05/12/2013,14211720,9.67239583333333,62.43874999999997
Willamette Falls,354.0,05/13/2013,14211720,9.483125,62.524999999999984
Willamette Falls,342.0,05/14/2013,14211720,9.150208333333333,62.77999999999999
Willamette Falls,269.0,05/15/2013,14211720,9.323020833333336,62.91125000000002
Willamette Falls,206.0,05/16/2013,14211720,9.194270833333333,62.82874999999999
Willamette Falls,141.0,05/17/2013,14211720,8.641354166666664,61.89125
Willamette Falls,62.0,05/18/2013,14211720,8.078229166666665,60.92375
Willamette Falls,65.0,05/19/2013,14211720,8.263229166666665,60.110000000000014
Willamette Falls,55.0,05/20/2013,14211720,8.248125,59.735
Willamette Falls,105.0,05/21/2013,14211720,8.052604166666663,59.02999999999997
Willamette Falls,81.0,05/22/2013,14211720,7.4418750000000005,58.32874999999999
Willamette Falls,44.0,05/23/2013,14211720,8.196770833333332,57.29374999999998
Willamette Falls,27.0,05/24/2013,14211720,9.164687500000001,56.98249999999999
Willamette Falls,68.0,05/25/2013,14211720,9.025208333333333,56.176249999999996
Willamette Falls,284.0,05/26/2013,14211720,9.119270833333333,55.77499999999999
Willamette Falls,449.0,05/27/2013,14211720,9.095104166666665,55.66624999999999
Willamette Falls,443.0,05/28/2013,14211720,9.405208333333334,56.04875000000001
Willamette Falls,244.0,05/29/2013,14211720,9.329479166666667,56.851250000000014
Willamette Falls,273.0,05/30/2013,14211720,8.631354166666668,57.556250000000006
Willamette Falls,155.0,05/31/2013,14211720,8.089479166666665,57.37249999999999
Willamette Falls,0.0,03/01/2014,14211720,6.175729166666668,45.500000000000014
Willamette Falls,0.0,03/02/2014,14211720,6.382604166666668,45.67250000000001
Willamette Falls,0.0,03/03/2014,14211720,7.2636458333333325,45.84499999999999
Willamette Falls,0.0,03/04/2014,14211720,8.048854166666667,46.595
Willamette Falls,0.0,03/05/2014,14211720,8.715833333333332,47.42374999999999
Willamette Falls,0.0,03/06/2014,14211720,10.012291666666663,47.866249999999994
Willamette Falls,0.0,03/07/2014,14211720,11.250312500000001,48.21500000000002
Willamette Falls,0.0,03/08/2014,14211720,11.621562499999996,48.16999999999999
Willamette Falls,0.0,03/09/2014,14211720,12.11195652173913,48.219565217391306
Willamette Falls,0.0,03/10/2014,14211720,12.80666666666667,48.26750000000001
Willamette Falls,0.0,03/11/2014,14211720,12.604270833333333,48.46249999999999
Willamette Falls,0.0,03/12/2014,14211720,12.663854166666662,48.16999999999999
Willamette Falls,0.0,03/13/2014,14211720,12.051354166666671,47.83625000000001
Willamette Falls,0.0,03/14/2014,14211720,11.047812500000001,48.18500000000002
Willamette Falls,0.0,03/15/2014,14211720,10.156458333333331,48.593749999999986
Willamette Falls,0.0,03/16/2014,14211720,9.591354166666667,49.182500000000005
Willamette Falls,0.0,03/17/2014,14211720,9.6628125,49.01
Willamette Falls,0.0,03/18/2014,14211720,9.397916666666665,48.81499999999999
Willamette Falls,1.0,03/19/2014,14211720,9.186250000000003,48.47375000000001
Willamette Falls,1.0,03/20/2014,14211720,8.893958333333336,47.6675
Willamette Falls,2.0,03/21/2014,14211720,8.187708333333335,47.397499999999994
Willamette Falls,1.0,03/22/2014,14211720,7.438124999999997,47.611250000000005
Willamette Falls,0.0,03/23/2014,14211720,6.653124999999999,47.97875
Willamette Falls,0.0,03/24/2014,14211720,6.0119791666666655,48.31999999999999
Willamette Falls,0.0,03/25/2014,14211720,5.725624999999997,48.687499999999986
Willamette Falls,3.0,03/26/2014,14211720,6.127916666666668,49.05875000000002
Willamette Falls,4.0,03/27/2014,14211720,6.687812500000001,49.497499999999995
Willamette Falls,4.0,03/28/2014,14211720,7.449166666666667,49.78249999999999
Willamette Falls,0.0,03/29/2014,14211720,9.03041666666667,49.11125
Willamette Falls,0.0,03/30/2014,14211720,10.144166666666665,48.71
Willamette Falls,0.0,03/31/2014,14211720,10.52822916666667,48.64625
Willamette Falls,0.0,04/01/2014,14211720,10.403958333333337,48.623749999999994
Willamette Falls,0.0,04/02/2014,14211720,9.35822916666667,48.263750000000016
Willamette Falls,0.0,04/03/2014,14211720,8.907152317880795,48.6125
Willamette Falls,0.0,04/04/2014,14211720,8.056458333333332,49.46375
Willamette Falls,2.0,04/05/2014,14211720,7.522395833333334,49.93624999999999
Willamette Falls,4.0,04/06/2014,14211720,7.359270833333333,50.26249999999999
Willamette Falls,2.0,04/07/2014,14211720,6.770312499999999,50.821250000000006
Willamette Falls,14.0,04/08/2014,14211720,6.429583333333338,51.39125
Willamette Falls,22.0,04/09/2014,14211720,6.106979166666668,52.261250000000004
Willamette Falls,126.0,04/10/2014,14211720,6.408750000000002,53.04875
Willamette Falls,192.0,04/11/2014,14211720,6.827499999999998,53.70875000000001
Willamette Falls,185.0,04/12/2014,14211720,6.7159375,53.91499999999999
Willamette Falls,137.0,04/13/2014,14211720,6.629375,53.727500000000006
Willamette Falls,200.0,04/14/2014,14211720,6.837395833333332,53.825
Willamette Falls,230.0,04/15/2014,14211720,6.438333333333332,53.937499999999986
Willamette Falls,195.0,04/16/2014,14211720,6.888229166666665,53.989999999999995
Willamette Falls,294.0,04/17/2014,14211720,7.533229166666665,53.959999999999994
Willamette Falls,147.0,04/18/2014,14211720,7.304583333333334,53.644999999999996
Willamette Falls,84.0,04/19/2014,14211720,7.2615625,53.3
Willamette Falls,37.0,04/20/2014,14211720,7.4021874999999975,53.23249999999999
Willamette Falls,105.0,04/21/2014,14211720,7.191354166666664,53.31875
Willamette Falls,272.0,04/22/2014,14211720,7.017812500000002,53.408750000000005
Willamette Falls,244.0,04/23/2014,14211720,7.095625000000001,53.52500000000001
Willamette Falls,239.0,04/24/2014,14211720,8.246666666666666,53.45
Willamette Falls,262.0,04/25/2014,14211720,9.1853125,52.63250000000001
Willamette Falls,23.0,04/26/2014,14211720,9.394895833333335,51.53750000000001
Willamette Falls,20.0,04/27/2014,14211720,9.667187499999999,50.87749999999999
Willamette Falls,15.0,04/28/2014,14211720,9.748645833333338,50.734999999999985
Willamette Falls,23.0,04/29/2014,14211720,9.576979166666664,51.488749999999996
Willamette Falls,34.0,04/30/2014,14211720,9.09708333333333,52.53500000000001
Willamette Falls,299.0,05/01/2014,14211720,8.919270833333334,54.158750000000005
Willamette Falls,1294.0,05/02/2014,14211720,8.388229166666667,55.958750000000016
Willamette Falls,1543.0,05/03/2014,14211720,7.918229166666666,57.162499999999994
Willamette Falls,912.0,05/04/2014,14211720,8.343645833333335,57.3875
Willamette Falls,373.0,05/05/2014,14211720,8.596145833333333,56.81
Willamette Falls,227.0,05/06/2014,14211720,8.836979166666671,55.80125
Willamette Falls,132.0,05/07/2014,14211720,9.069687499999999,55.46375000000002
Willamette Falls,234.0,05/08/2014,14211720,8.600624999999999,55.42625000000001
Willamette Falls,169.0,05/09/2014,14211720,8.635208333333336,54.96875000000001
Willamette Falls,118.0,05/10/2014,14211720,8.883645833333334,53.9375
Willamette Falls,35.0,05/11/2014,14211720,8.893125000000005,53.20625
Willamette Falls,18.0,05/12/2014,14211720,9.456562499999997,52.97749999999999
Willamette Falls,34.0,05/13/2014,14211720,9.831354166666667,53.690000000000005
Willamette Falls,141.0,05/14/2014,14211720,9.345416666666663,55.096250000000005
Willamette Falls,2298.0,05/15/2014,14211720,8.826666666666664,56.97500000000001
Willamette Falls,1935.0,05/16/2014,14211720,8.463020833333333,58.17874999999998
Willamette Falls,1075.0,05/17/2014,14211720,8.883125000000001,59.10874999999999
Willamette Falls,629.0,05/18/2014,14211720,9.691666666666668,59.55875
Willamette Falls,522.0,05/19/2014,14211720,10.055000000000003,59.44249999999998
Willamette Falls,451.0,05/20/2014,14211720,10.43,59.44625
Willamette Falls,644.0,05/21/2014,14211720,10.266145833333338,59.821249999999985
Willamette Falls,560.0,05/22/2014,14211720,9.453541666666665,60.286249999999995
Willamette Falls,347.0,05/23/2014,14211720,9.32510416666666,60.82625000000002
Willamette Falls,368.0,05/24/2014,14211720,9.707187500000002,61.26124999999998
Willamette Falls,435.0,05/25/2014,14211720,10.399166666666668,61.73749999999998
Willamette Falls,403.0,05/26/2014,14211720,10.5403125,61.917499999999976
Willamette Falls,325.0,05/27/2014,14211720,10.58708333333333,61.87625
Willamette Falls,333.0,05/28/2014,14211720,10.850416666666666,61.816250000000004
Willamette Falls,220.0,05/29/2014,14211720,10.683333333333337,61.76750000000001
Willamette Falls,192.0,05/30/2014,14211720,10.48166666666667,62.02999999999999
Willamette Falls,281.0,05/31/2014,14211720,10.156666666666665,62.311249999999994
Willamette Falls,0.0,03/01/2015,14211720,4.896770833333336,47.09375000000001
Willamette Falls,0.0,03/02/2015,14211720,4.898229166666667,47.536249999999995
Willamette Falls,1.0,03/03/2015,14211720,4.618958333333336,48.13250000000001
Willamette Falls,0.0,03/04/2015,14211720,4.3159375,48.40625
Willamette Falls,0.0,03/05/2015,14211720,4.662083333333333,48.47375
Willamette Falls,0.0,03/06/2015,14211720,4.892812500000001,48.39875000000001
Willamette Falls,0.0,03/07/2015,14211720,5.266770833333335,48.29375
Willamette Falls,0.0,03/08/2015,14211720,5.134130434782607,48.37608695652173
Willamette Falls,3.0,03/09/2015,14211720,4.748645833333332,48.63124999999999
Willamette Falls,1.0,03/10/2015,14211720,4.412291666666666,48.92375000000001
Willamette Falls,2.0,03/11/2015,14211720,4.223541666666668,49.4375
Willamette Falls,3.0,03/12/2015,14211720,4.1881249999999985,50.239999999999995
Willamette Falls,5.0,03/13/2015,14211720,4.205833333333334,50.915000000000006
Willamette Falls,6.0,03/14/2015,14211720,4.073749999999999,51.68000000000001
Willamette Falls,8.0,03/15/2015,14211720,4.290520833333336,52.021249999999995
Willamette Falls,0.0,03/16/2015,14211720,5.183333333333334,52.38499999999999
Willamette Falls,0.0,03/17/2015,14211720,6.003541666666668,52.685
Willamette Falls,0.0,03/18/2015,14211720,5.655625000000001,52.332499999999996
Willamette Falls,1.0,03/19/2015,14211720,5.920416666666667,52.175
Willamette Falls,2.0,03/20/2015,14211720,6.5275000000000025,52.0175
Willamette Falls,1.0,03/21/2015,14211720,6.551770833333336,52.25374999999998
Willamette Falls,9.0,03/22/2015,14211720,6.548333333333335,52.5275
Willamette Falls,12.0,03/23/2015,14211720,6.765729166666666,52.48625
Willamette Falls,7.0,03/24/2015,14211720,6.818541666666664,52.24624999999999
Willamette Falls,2.0,03/25/2015,14211720,6.414374999999999,52.19375000000001
Willamette Falls,2.0,03/26/2015,14211720,6.287708333333334,52.002500000000005
Willamette Falls,6.0,03/27/2015,14211720,6.433854166666666,52.47125
Willamette Falls,6.0,03/28/2015,14211720,6.113229166666669,53.11250000000001
Willamette Falls,16.0,03/29/2015,14211720,5.667187500000001,53.858749999999986
Willamette Falls,66.0,03/30/2015,14211720,6.064583333333331,54.71749999999999
Willamette Falls,87.0,03/31/2015,14211720,6.242604166666666,55.182500000000005
Willamette Falls,109.0,04/01/2015,14211720,6.244583333333335,55.02874999999999
Willamette Falls,72.0,04/02/2015,14211720,5.759583333333332,54.379999999999995
Willamette Falls,42.0,04/03/2015,14211720,5.956052631578947,53.98625000000001
Willamette Falls,58.0,04/04/2015,14211720,6.1437152777777815,53.1725
Willamette Falls,20.0,04/05/2015,14211720,6.465972222222223,52.418749999999996
Willamette Falls,45.0,04/06/2015,14211720,6.5585069444444395,51.88250000000001
Willamette Falls,31.0,04/07/2015,14211720,6.38513888888889,51.428749999999994
Willamette Falls,32.0,04/08/2015,14211720,6.0034375,51.51125
Willamette Falls,34.0,04/09/2015,14211720,5.277743055555558,51.90723404255319
Willamette Falls,206.0,04/10/2015,14211720,4.867256944444441,52.186250000000015
Willamette Falls,250.0,04/11/2015,14211720,5.074329004329004,52.58375
Willamette Falls,281.0,04/12/2015,14211720,4.080208333333334,53.03375
Willamette Falls,303.0,04/13/2015,14211720,4.3375,53.0975
Willamette Falls,242.0,04/14/2015,14211720,4.787395833333333,53.35249999999999
Willamette Falls,149.0,04/15/2015,14211720,4.366250000000003,53.228750000000005
Willamette Falls,64.0,04/16/2015,14211720,4.246770833333335,52.9025
Willamette Falls,91.0,04/17/2015,14211720,4.557708333333333,52.95875000000001
Willamette Falls,286.0,04/18/2015,14211720,4.428958333333334,53.498749999999994
Willamette Falls,2375.0,04/19/2015,14211720,4.534895833333334,54.28999999999999
Willamette Falls,1667.0,04/20/2015,14211720,5.115625000000002,55.46000000000001
Willamette Falls,977.0,04/21/2015,14211720,5.503124999999998,56.599999999999994
Willamette Falls,1224.0,04/22/2015,14211720,4.523229166666664,57.443749999999994
Willamette Falls,1350.0,04/23/2015,14211720,4.140208333333333,57.51500000000002
Willamette Falls,1118.0,04/24/2015,14211720,3.8776041666666656,57.61250000000001
Willamette Falls,757.0,04/25/2015,14211720,3.4839583333333337,57.17375
Willamette Falls,398.0,04/26/2015,14211720,3.1503124999999987,56.907499999999985
Willamette Falls,770.0,04/27/2015,14211720,3.3592708333333334,56.61125000000001
Willamette Falls,937.0,04/28/2015,14211720,3.835729166666665,56.547500000000014
Willamette Falls,856.0,04/29/2015,14211720,3.397395833333333,57.00826086956522
Willamette Falls,2696.0,04/30/2015,14211720,3.3117708333333336,57.03875000000001
Willamette Falls,1234.0,05/01/2015,14211720,3.4959375,57.83
Willamette Falls,1301.0,05/02/2015,14211720,3.853854166666667,58.894999999999996
Willamette Falls,1656.0,05/03/2015,14211720,4.477708333333332,59.4875
Willamette Falls,1681.0,05/04/2015,14211720,4.819999999999999,60.16624999999999
Willamette Falls,1401.0,05/05/2015,14211720,4.876875000000002,60.721250000000005
Willamette Falls,1084.0,05/06/2015,14211720,4.5353125,61.05875
Willamette Falls,1229.0,05/07/2015,14211720,4.296145833333333,61.36625000000001
Willamette Falls,1057.0,05/08/2015,14211720,4.094479166666667,61.67749999999999
Willamette Falls,870.0,05/09/2015,14211720,3.671145833333334,62.18000000000001
Willamette Falls,1278.0,05/10/2015,14211720,3.3704166666666673,62.51375000000002
Willamette Falls,931.0,05/11/2015,14211720,3.106979166666667,62.43875
Willamette Falls,956.0,05/12/2015,14211720,3.412812499999999,62.09375000000001
Willamette Falls,1050.0,05/13/2015,14211720,4.077604166666667,61.64749999999998
Willamette Falls,955.0,05/14/2015,14211720,4.6468750000000005,61.62875
Willamette Falls,670.0,05/15/2015,14211720,5.138437499999999,62.048749999999984
Willamette Falls,330.0,05/16/2015,14211720,4.9796875000000025,62.045000000000016
Willamette Falls,403.0,05/17/2015,14211720,4.687083333333334,61.392500000000005
Willamette Falls,558.0,05/18/2015,14211720,5.238020833333333,60.90124999999999
Willamette Falls,586.0,05/19/2015,14211720,5.7421875,60.83375000000002
Willamette Falls,705.0,05/20/2015,14211720,5.464999999999999,61.392500000000005
Willamette Falls,920.0,05/21/2015,14211720,5.511666666666667,61.91375000000001
Willamette Falls,644.0,05/22/2015,14211720,5.257187500000003,61.64374999999998
Willamette Falls,659.0,05/23/2015,14211720,4.593333333333335,61.902499999999975
Willamette Falls,777.0,05/24/2015,14211720,4.398333333333332,62.13874999999999
Willamette Falls,763.0,05/25/2015,14211720,4.773958333333334,62.382500000000014
Willamette Falls,505.0,05/26/2015,14211720,4.389895833333333,62.95249999999999
Willamette Falls,439.0,05/27/2015,14211720,4.557708333333333,63.376250000000006
Willamette Falls,298.0,05/28/2015,14211720,4.520872483221476,63.81500000000001
Willamette Falls,375.0,05/29/2015,14211720,4.776875000000001,64.62125
Willamette Falls,550.0,05/30/2015,14211720,4.6585416666666655,65.24375
Willamette Falls,639.0,05/31/2015,14211720,4.2465625000000005,66.04625000000001
Willamette Falls,1.0,03/01/2016,14211720,5.791874999999998,48.807500000000005
Willamette Falls,0.0,03/02/2016,14211720,6.481145833333339,48.41829787234042
Willamette Falls,0.0,03/03/2016,14211720,6.0835416666666715,48.10625
Willamette Falls,1.0,03/04/2016,14211720,5.9859374999999995,48.19624999999999
Willamette Falls,0.0,03/05/2016,14211720,7.068645833333336,48.545
Willamette Falls,0.0,03/06/2016,14211720,7.739791666666668,48.995
Willamette Falls,0.0,03/07/2016,14211720,8.17625,48.91625
Willamette Falls,0.0,03/08/2016,14211720,7.919895833333332,48.60500000000002
Willamette Falls,0.0,03/09/2016,14211720,8.646145833333332,47.882127659574465
Willamette Falls,0.0,03/10/2016,14211720,9.852812499999999,47.33749999999999
Willamette Falls,0.0,03/11/2016,14211720,10.170833333333334,47.44625
Willamette Falls,0.0,03/12/2016,14211720,10.219166666666672,48.125
Willamette Falls,0.0,03/13/2016,14211720,9.709891304347831,47.72260869565217
Willamette Falls,0.0,03/14/2016,14211720,9.386562499999997,47.44250000000001
Willamette Falls,0.0,03/15/2016,14211720,9.205312499999998,47.22125
Willamette Falls,0.0,03/16/2016,14211720,9.509062499999994,46.984999999999985
Willamette Falls,0.0,03/17/2016,14211720,9.2628125,47.11250000000001
Willamette Falls,0.0,03/18/2016,14211720,8.447916666666663,47.68999999999998
Willamette Falls,0.0,03/19/2016,14211720,8.164791666666668,48.454999999999984
Willamette Falls,0.0,03/20/2016,14211720,7.620520833333335,49.05500000000002
Willamette Falls,1.0,03/21/2016,14211720,7.716666666666665,49.56124999999999
Willamette Falls,0.0,03/22/2016,14211720,8.12270833333333,49.5425
Willamette Falls,1.0,03/23/2016,14211720,7.964270833333331,48.95749999999999
Willamette Falls,0.0,03/24/2016,14211720,8.082187500000002,48.72124999999999
Willamette Falls,0.0,03/25/2016,14211720,7.704166666666667,48.653749999999995
Willamette Falls,0.0,03/26/2016,14211720,7.673854166666664,48.99500000000002
Willamette Falls,7.0,03/27/2016,14211720,7.306979166666669,49.28375000000001
Willamette Falls,6.0,03/28/2016,14211720,6.782916666666666,49.244000000000014
Willamette Falls,9.0,03/29/2016,14211720,6.493229166666668,49.295000000000016
Willamette Falls,3.0,03/30/2016,14211720,5.9004166666666675,49.70750000000001
Willamette Falls,6.0,03/31/2016,14211720,5.3552083333333345,50.300000000000004
Willamette Falls,22.0,04/01/2016,14211720,5.4388541666666645,51.12875
Willamette Falls,34.0,04/02/2016,14211720,5.6931249999999975,52.10374999999999
Willamette Falls,43.0,04/03/2016,14211720,4.930624999999999,53.04875
Willamette Falls,89.0,04/04/2016,14211720,5.167708333333334,53.896249999999995
Willamette Falls,46.0,04/05/2016,14211720,5.384583333333333,54.25249999999999
Willamette Falls,27.0,04/06/2016,14211720,6.364583333333333,54.41375000000001
Willamette Falls,26.0,04/07/2016,14211720,6.983826086956523,54.54875000000001
Willamette Falls,61.0,04/08/2016,14211720,7.746149068322981,54.78874999999999
Willamette Falls,93.0,04/09/2016,14211720,7.917395833333335,55.32875
Willamette Falls,200.0,04/10/2016,14211720,7.484895833333333,55.7225
Willamette Falls,243.0,04/11/2016,14211720,7.321979166666668,56.1125
Willamette Falls,152.0,04/12/2016,14211720,7.204479166666666,56.43125000000002
Willamette Falls,95.0,04/13/2016,14211720,7.069166666666669,55.96625000000002
Willamette Falls,46.0,04/14/2016,14211720,7.8424999999999985,54.998750000000015
Willamette Falls,17.0,04/15/2016,14211720,8.288020833333334,54.23375
Willamette Falls,11.0,04/16/2016,14211720,8.889791666666667,53.54375000000001
Willamette Falls,20.0,04/17/2016,14211720,9.174270833333333,53.243750000000006
Willamette Falls,81.0,04/18/2016,14211720,9.003333333333336,54.057500000000005
Willamette Falls,206.0,04/19/2016,14211720,8.972812500000002,55.14875
Willamette Falls,623.0,04/20/2016,14211720,8.780729166666669,56.738749999999996
Willamette Falls,430.0,04/21/2016,14211720,8.544583333333334,58.22375000000001
Willamette Falls,750.0,04/22/2016,14211720,8.83864583333333,59.42750000000002
Willamette Falls,337.0,04/23/2016,14211720,9.772916666666667,60.072499999999984
Willamette Falls,230.0,04/24/2016,14211720,10.05354166666667,59.888750000000016
Willamette Falls,108.0,04/25/2016,14211720,10.172395833333331,58.5125
Willamette Falls,47.0,04/26/2016,14211720,10.055416666666668,57.1475
Willamette Falls,23.0,04/27/2016,14211720,9.076041666666667,55.7675
Willamette Falls,31.0,04/28/2016,14211720,8.3425,54.998750000000015
Willamette Falls,31.0,04/29/2016,14211720,7.8936458333333315,54.376249999999985
Willamette Falls,51.0,04/30/2016,14211720,7.588437499999999,54.33500000000001
Willamette Falls,127.0,05/01/2016,14211720,7.058124999999996,54.875000000000014
Willamette Falls,932.0,05/02/2016,14211720,6.844999999999995,55.98125
Willamette Falls,648.0,05/03/2016,14211720,6.924166666666668,57.18500000000001
Willamette Falls,743.0,05/04/2016,14211720,6.869999999999997,58.253750000000004
Willamette Falls,443.0,05/05/2016,14211720,6.900208333333335,59.517499999999984
Willamette Falls,337.0,05/06/2016,14211720,7.4014583333333315,60.46625
Willamette Falls,421.0,05/07/2016,14211720,8.038645833333335,60.86750000000001
Willamette Falls,657.0,05/08/2016,14211720,8.158333333333337,60.78125000000001
Willamette Falls,403.0,05/09/2016,14211720,8.146458333333333,60.98374999999998
Willamette Falls,534.0,05/10/2016,14211720,8.192395833333334,61.609999999999985
Willamette Falls,458.0,05/11/2016,14211720,8.08885416666667,62.33000000000001
Willamette Falls,537.0,05/12/2016,14211720,7.793541666666665,62.772499999999994
Willamette Falls,671.0,05/13/2016,14211720,7.234687499999999,62.89624999999999
Willamette Falls,525.0,05/14/2016,14211720,6.689999999999998,62.678749999999994
Willamette Falls,346.0,05/15/2016,14211720,6.289687499999996,62.79125
Willamette Falls,235.0,05/16/2016,14211720,6.095312500000002,62.13500000000003
Willamette Falls,258.0,05/17/2016,14211720,6.492500000000002,61.655
Willamette Falls,157.0,05/18/2016,14211720,6.431770833333332,60.83375000000001
Willamette Falls,404.0,05/19/2016,14211720,5.804687500000001,60.01249999999999
Willamette Falls,378.0,05/20/2016,14211720,6.158645833333336,59.614999999999995
Willamette Falls,366.0,05/21/2016,14211720,6.725208333333332,59.94499999999999
Willamette Falls,348.0,05/22/2016,14211720,6.146770833333335,60.58999999999999
Willamette Falls,216.0,05/23/2016,14211720,5.331354166666665,60.522499999999994
Willamette Falls,253.0,05/24/2016,14211720,5.740520833333332,60.237500000000026
Willamette Falls,255.0,05/25/2016,14211720,5.783958333333334,59.40124999999998
Willamette Falls,398.0,05/26/2016,14211720,5.5306250000000015,58.93624999999999
Willamette Falls,392.0,05/27/2016,14211720,5.1923958333333315,58.82
Willamette Falls,372.0,05/28/2016,14211720,4.863333333333334,59.23249999999999
Willamette Falls,256.0,05/29/2016,14211720,4.581562499999999,60.139999999999986
Willamette Falls,256.0,05/30/2016,14211720,4.252083333333332,60.85625000000002
Willamette Falls,304.0,05/31/2016,14211720,4.709479166666668,61.30250000000001
Willamette Falls,0.0,03/01/2017,14211720,7.953333333333338,43.96249999999999
Willamette Falls,0.0,03/02/2017,14211720,7.611666666666668,44.28875
Willamette Falls,0.0,03/03/2017,14211720,7.409687499999998,45.005
Willamette Falls,0.0,03/04/2017,14211720,7.999062499999996,45.4625
Willamette Falls,0.0,03/05/2017,14211720,8.369687500000001,45.44
Willamette Falls,0.0,03/06/2017,14211720,7.966770833333334,45.143750000000004
Willamette Falls,0.0,03/07/2017,14211720,7.575833333333333,44.502500000000005
Willamette Falls,0.0,03/08/2017,14211720,8.451875,43.81625
Willamette Falls,0.0,03/09/2017,14211720,9.939062499999997,44.112500000000004
Willamette Falls,0.0,03/10/2017,14211720,12.299583333333333,45.57875
Willamette Falls,0.0,03/11/2017,14211720,13.13697916666667,46.72624999999999
Willamette Falls,0.0,03/12/2017,14211720,13.816521739130426,47.47217391304348
Willamette Falls,0.0,03/13/2017,14211720,13.636041666666669,48.004999999999995
Willamette Falls,0.0,03/15/2017,14211720,14.577812499999993,48.55624999999999
Willamette Falls,0.0,03/16/2017,14211720,15.688541666666667,48.16999999999999
Willamette Falls,0.0,03/17/2017,14211720,15.870520833333325,47.592499999999994
Willamette Falls,0.0,03/18/2017,14211720,16.301458333333343,47.03375000000001
Willamette Falls,0.0,03/19/2017,14211720,16.49197916666665,46.692499999999995
Willamette Falls,0.0,03/20/2017,14211720,16.141770833333325,46.8425
Willamette Falls,0.0,03/21/2017,14211720,16.18760416666667,46.85
Willamette Falls,0.0,03/22/2017,14211720,16.33614583333333,47.28500000000002
Willamette Falls,0.0,03/23/2017,14211720,16.377499999999998,47.8925
Willamette Falls,0.0,03/24/2017,14211720,16.550937500000014,48.14
Willamette Falls,0.0,03/25/2017,14211720,16.958020833333325,47.83999999999999
Willamette Falls,0.0,03/26/2017,14211720,17.145729166666673,48.098749999999995
Willamette Falls,0.0,03/27/2017,14211720,17.15895833333334,47.98625
Willamette Falls,0.0,03/28/2017,14211720,17.092604166666664,47.768750000000004
Willamette Falls,0.0,03/29/2017,14211720,17.031041666666685,47.99
Willamette Falls,0.0,03/30/2017,14211720,17.15739583333334,48.20750000000002
Willamette Falls,0.0,03/31/2017,14211720,17.045312500000023,48.376250000000006
Willamette Falls,0.0,04/01/2017,14211720,16.67124999999999,48.312500000000014
Willamette Falls,0.0,04/02/2017,14211720,16.352604166666676,48.4925
Willamette Falls,0.0,04/03/2017,14211720,15.920104166666667,48.75874999999999
Willamette Falls,0.0,04/04/2017,14211720,15.299062500000007,49.088750000000005
Willamette Falls,0.0,04/05/2017,14211720,14.796354166666669,49.31000000000002
Willamette Falls,0.0,04/06/2017,14211720,14.2640625,49.42625000000001
Willamette Falls,1.0,04/07/2017,14211720,13.594479166666668,49.602500000000006
Willamette Falls,1.0,04/08/2017,14211720,12.945208333333333,50.11625
Willamette Falls,0.0,04/09/2017,14211720,13.094687500000001,50.480000000000004
Willamette Falls,0.0,04/10/2017,14211720,13.289895833333327,50.16499999999999
Willamette Falls,0.0,04/11/2017,14211720,12.718437499999999,49.696250000000006
Willamette Falls,0.0,04/12/2017,14211720,12.4146875,49.37375
Willamette Falls,0.0,04/13/2017,14211720,12.865416666666677,49.535
Willamette Falls,0.0,04/14/2017,14211720,13.085104166666653,49.467499999999994
Willamette Falls,0.0,04/15/2017,14211720,12.890833333333328,49.80875
Willamette Falls,0.0,04/16/2017,14211720,12.50166666666667,50.269999999999996
Willamette Falls,1.0,04/17/2017,14211720,11.792187500000006,50.404999999999994
Willamette Falls,2.0,04/18/2017,14211720,11.51302083333333,50.57913043478261
Willamette Falls,1.0,04/19/2017,14211720,11.487159763313601,50.9
Willamette Falls,0.0,04/20/2017,14211720,10.880104166666662,51.151250000000005
Willamette Falls,2.0,04/21/2017,14211720,10.794791666666674,51.84875000000001
Willamette Falls,0.0,04/22/2017,14211720,11.525208333333333,52.15250000000001
Willamette Falls,2.0,04/23/2017,14211720,11.83739583333333,52.22749999999999
Willamette Falls,2.0,04/24/2017,14211720,12.048333333333327,52.433749999999996
Willamette Falls,4.0,04/25/2017,14211720,12.423958333333324,52.0325
Willamette Falls,0.0,04/26/2017,14211720,13.19916666666665,51.260000000000005
Willamette Falls,0.0,04/27/2017,14211720,13.867708333333342,50.014999999999986
Willamette Falls,0.0,04/28/2017,14211720,14.414062500000005,49.550000000000004
Willamette Falls,1.0,04/29/2017,14211720,14.356250000000008,49.5275
Willamette Falls,0.0,04/30/2017,14211720,13.846979166666683,50.10875000000001
Willamette Falls,4.0,05/01/2017,14211720,12.866562499999993,50.7275
Willamette Falls,7.0,05/02/2017,14211720,11.940208333333336,51.34625
Willamette Falls,23.0,05/03/2017,14211720,11.561874999999993,51.66125000000001
Willamette Falls,315.0,05/04/2017,14211720,11.077499999999999,52.988749999999996
Willamette Falls,1570.0,05/05/2017,14211720,11.079062499999997,54.82625
Willamette Falls,728.0,05/06/2017,14211720,11.74916666666666,55.73750000000001
Willamette Falls,115.0,05/07/2017,14211720,12.94114583333333,55.171249999999986
Willamette Falls,87.0,05/08/2017,14211720,14.053854166666639,53.885
Willamette Falls,122.0,05/09/2017,14211720,14.542083333333316,54.053749999999994
Willamette Falls,180.0,05/10/2017,14211720,14.401145833333322,54.92750000000001
Willamette Falls,488.0,05/11/2017,14211720,14.205624999999996,55.85000000000001
Willamette Falls,302.0,05/12/2017,14211720,14.309270833333338,56.04124999999999
Willamette Falls,114.0,05/13/2017,14211720,14.279062499999982,55.84250000000001
Willamette Falls,57.0,05/14/2017,14211720,14.365729166666659,54.796250000000015
Willamette Falls,13.0,05/15/2017,14211720,14.232291666666677,53.46124999999999
Willamette Falls,14.0,05/16/2017,14211720,14.305937499999997,53.022499999999994
Willamette Falls,18.0,05/17/2017,14211720,14.58989583333331,52.14874999999999
Willamette Falls,15.0,05/18/2017,14211720,14.568854166666656,52.29125000000001
Willamette Falls,8.0,05/19/2017,14211720,14.515520833333332,52.501250000000006
Willamette Falls,49.0,05/20/2017,14211720,14.089999999999995,53.40875000000001
Willamette Falls,922.0,05/21/2017,14211720,13.373645833333333,55.21625000000001
Willamette Falls,3272.0,05/22/2017,14211720,12.840000000000003,57.117500000000014
Willamette Falls,1547.0,05/23/2017,14211720,12.661458333333327,58.44125
Willamette Falls,2162.0,05/24/2017,14211720,12.760833333333322,59.3825
Willamette Falls,987.0,05/25/2017,14211720,13.28520833333335,59.877500000000005
Willamette Falls,1020.0,05/26/2017,14211720,13.963958333333329,60.6275
Willamette Falls,1030.0,05/27/2017,14211720,14.188645833333332,60.71374999999999
Willamette Falls,728.0,05/28/2017,14211720,13.886249999999997,60.815
Willamette Falls,517.0,05/29/2017,14211720,13.461145833333346,61.32125000000002
Willamette Falls,793.0,05/30/2017,14211720,13.291268656716426,61.531249999999986
Willamette Falls,259.0,05/31/2017,14211720,13.372291666666667,61.77499999999999
Willamette Falls,0.0,03/01/2018,14211720,7.0874999999999995,43.006249999999994
Willamette Falls,0.0,03/02/2018,14211720,7.600625000000002,43.31375000000001
Willamette Falls,0.0,03/03/2018,14211720,7.571874999999996,43.801249999999996
Willamette Falls,0.0,03/04/2018,14211720,6.902708333333333,44.157500000000006
Willamette Falls,0.0,03/05/2018,14211720,6.3865625,44.46125000000001
Willamette Falls,0.0,03/06/2018,14211720,5.881249999999999,44.629999999999995
Willamette Falls,0.0,03/07/2018,14211720,5.414583333333332,44.79124999999999
Willamette Falls,1.0,03/08/2018,14211720,4.873958333333333,45.09499999999999
Willamette Falls,2.0,03/09/2018,14211720,5.022395833333334,45.81125
Willamette Falls,1.0,03/10/2018,14211720,5.181875000000001,45.68375
Willamette Falls,1.0,03/11/2018,14211720,5.190434782608696,46.40391304347826
Willamette Falls,0.0,03/12/2018,14211720,5.240937500000001,47.03000000000001
Willamette Falls,1.0,03/13/2018,14211720,5.422708333333333,47.55874999999999
Willamette Falls,0.0,03/14/2018,14211720,5.690416666666668,48.031250000000014
Willamette Falls,0.0,03/15/2018,14211720,5.990937500000001,48.38374999999999
Willamette Falls,0.0,03/16/2018,14211720,6.196354166666669,48.17
Willamette Falls,0.0,03/17/2018,14211720,6.3625,47.795
Willamette Falls,0.0,03/18/2018,14211720,6.130833333333335,47.39000000000001
Willamette Falls,1.0,03/19/2018,14211720,5.9735416666666685,47.31875000000001
Willamette Falls,1.0,03/20/2018,14211720,5.896666666666665,47.345
Willamette Falls,0.0,03/21/2018,14211720,5.791145833333335,47.540000000000006
Willamette Falls,0.0,03/22/2018,14211720,6.013854166666667,47.821250000000006
Willamette Falls,0.0,03/23/2018,14211720,5.999479166666666,47.66750000000002
Willamette Falls,0.0,03/24/2018,14211720,6.251562500000001,47.315
Willamette Falls,0.0,03/25/2018,14211720,6.1293750000000005,46.28000000000001
Willamette Falls,0.0,03/26/2018,14211720,5.522083333333334,44.956250000000004
Willamette Falls,0.0,03/27/2018,14211720,5.662291666666666,45.11750000000001
Willamette Falls,0.0,03/28/2018,14211720,5.6336458333333335,46.08500000000001
Willamette Falls,0.0,03/29/2018,14211720,5.725729166666665,47.191250000000004
Willamette Falls,3.0,03/30/2018,14211720,5.731562499999999,48.24499999999999
Willamette Falls,2.0,03/31/2018,14211720,5.5559375,49.51625
Willamette Falls,1.0,04/01/2018,14211720,5.866041666666667,50.168749999999996
Willamette Falls,3.0,04/02/2018,14211720,5.725208333333334,49.77875
Willamette Falls,2.0,04/03/2018,14211720,5.613541666666667,49.61
Willamette Falls,1.0,04/04/2018,14211720,5.566249999999999,49.31375000000001
Willamette Falls,0.0,04/05/2018,14211720,5.667604166666666,48.92878048780488
Willamette Falls,10.0,04/06/2018,14211720,5.9608212560386455,48.968750000000014
Willamette Falls,2.0,04/07/2018,14211720,6.64559027777778,49.72625000000001
Willamette Falls,6.0,04/08/2018,14211720,8.31656250000001,50.161249999999995
Willamette Falls,0.0,04/09/2018,14211720,9.43185393258427,49.95125
Willamette Falls,0.0,04/10/2018,14211720,9.880312500000002,49.66999999999999
Willamette Falls,0.0,04/11/2018,14211720,9.81166666666667,50.0975
Willamette Falls,0.0,04/12/2018,14211720,9.51583333333333,50.311249999999994
Willamette Falls,0.0,04/13/2018,14211720,9.272187500000003,49.655000000000015
Willamette Falls,0.0,04/14/2018,14211720,9.908541666666666,48.91250000000001
Willamette Falls,0.0,04/15/2018,14211720,10.228229166666665,48.65374999999999
Willamette Falls,0.0,04/16/2018,14211720,10.531770833333333,48.50749999999999
Willamette Falls,0.0,04/17/2018,14211720,10.466979166666667,48.563750000000006
Willamette Falls,0.0,04/18/2018,14211720,10.66625,48.60124999999999
Willamette Falls,0.0,04/19/2018,14211720,10.717291666666668,49.12625000000001
Willamette Falls,12.0,04/20/2018,14211720,10.026250000000003,50.06375
Willamette Falls,26.0,04/21/2018,14211720,9.452708333333327,51.12875
Willamette Falls,43.0,04/22/2018,14211720,8.709583333333333,51.98375
Willamette Falls,80.0,04/23/2018,14211720,7.831354166666667,52.666250000000005
Willamette Falls,78.0,04/24/2018,14211720,7.7846874999999995,53.54
Willamette Falls,189.0,04/25/2018,14211720,7.747395833333333,54.46249999999999
Willamette Falls,405.0,04/26/2018,14211720,7.922395833333334,55.45625
Willamette Falls,1096.0,04/27/2018,14211720,8.4165625,56.41249999999999
Willamette Falls,271.0,04/28/2018,14211720,8.539583333333331,56.727499999999985
Willamette Falls,193.0,04/29/2018,14211720,8.925104166666669,56.80625000000001
Willamette Falls,45.0,04/30/2018,14211720,9.80958333333333,55.65875
Willamette Falls,50.0,05/01/2018,14211720,10.153750000000002,54.02000000000002
Willamette Falls,27.0,05/02/2018,14211720,9.783541666666665,53.60000000000001
Willamette Falls,64.0,05/03/2018,14211720,9.501562499999999,53.9525
Willamette Falls,194.0,05/04/2018,14211720,9.34635416666667,54.31625
Willamette Falls,424.0,05/05/2018,14211720,9.056562499999998,55.204999999999984
Willamette Falls,1333.0,05/06/2018,14211720,9.724583333333333,56.16125000000001
Willamette Falls,607.0,05/07/2018,14211720,9.988020833333328,57.62
Willamette Falls,625.0,05/08/2018,14211720,10.82541666666667,58.92875000000001
Willamette Falls,388.0,05/09/2018,14211720,11.437604166666661,59.61125
Willamette Falls,491.0,05/10/2018,14211720,11.93489583333333,59.911249999999995
Willamette Falls,352.0,05/11/2018,14211720,12.433125000000002,59.704999999999984
Willamette Falls,201.0,05/12/2018,14211720,13.411171874999972,59.47999999999998
Willamette Falls,569.0,05/13/2018,14211720,14.236354166666688,59.90374999999999
Willamette Falls,691.0,05/14/2018,14211720,14.480173611111127,60.94478260869565
Willamette Falls,1866.0,05/15/2018,14211720,14.57656250000001,61.27625
Willamette Falls,299.0,05/16/2018,14211720,14.818974358974351,61.37000000000001
Willamette Falls,288.0,05/17/2018,14211720,15.373437499999987,61.463749999999976
Willamette Falls,165.0,05/18/2018,14211720,15.394895833333328,61.9025
Willamette Falls,123.0,05/19/2018,14211720,15.369270833333324,61.97375000000001
Willamette Falls,104.0,05/20/2018,14211720,15.043437500000023,61.568749999999994
Willamette Falls,231.0,05/21/2018,14211720,14.928645833333334,60.83375
Willamette Falls,182.0,05/22/2018,14211720,14.886770833333323,60.78874999999999
Willamette Falls,918.0,05/23/2018,14211720,14.628645833333346,62.07875
Willamette Falls,472.0,05/24/2018,14211720,14.642708333333344,62.57375000000002
Willamette Falls,443.0,05/25/2018,14211720,14.767187499999993,63.05
Willamette Falls,363.0,05/26/2018,14211720,14.451666666666668,63.37250000000002
Willamette Falls,236.0,05/27/2018,14211720,14.284374999999992,63.94250000000001
Willamette Falls,271.0,05/28/2018,14211720,14.27812500000001,64.055
Willamette Falls,339.0,05/29/2018,14211720,13.813125,63.47749999999999
Willamette Falls,172.0,05/30/2018,14211720,13.30333333333334,62.378750000000004
Willamette Falls,298.0,05/31/2018,14211720,12.95052083333333,61.651249999999976
Willamette Falls,0.0,03/01/2019,14211720,3.456006944444445,40.52375000000001
Willamette Falls,0.0,03/02/2019,14211720,3.6575347222222216,41.082499999999996
Willamette Falls,0.0,03/03/2019,14211720,3.378472222222223,41.573750000000004
Willamette Falls,0.0,03/04/2019,14211720,3.446423611111111,42.1175
Willamette Falls,0.0,03/05/2019,14211720,3.718159722222223,41.99375
Willamette Falls,0.0,03/06/2019,14211720,4.189201388888886,41.52125000000001
Willamette Falls,0.0,03/07/2019,14211720,4.58371527777778,41.20624999999999
Willamette Falls,0.0,03/08/2019,14211720,4.6118055555555575,40.93625
Willamette Falls,0.0,03/09/2019,14211720,4.745937500000001,41.03375
Willamette Falls,0.0,03/10/2019,14211720,4.316557971014493,41.49304347826087
Willamette Falls,0.0,03/11/2019,14211720,3.5408680555555545,42.1175
Willamette Falls,0.0,03/12/2019,14211720,3.566874999999999,42.995000000000005
Willamette Falls,0.0,03/13/2019,14211720,3.1221874999999994,43.996249999999996
Willamette Falls,0.0,03/14/2019,14211720,2.7488888888888874,45.04625000000001
Willamette Falls,0.0,03/15/2019,14211720,2.7613888888888893,46.0475
Willamette Falls,1.0,03/16/2019,14211720,2.882673611111112,46.56125
Willamette Falls,0.0,03/17/2019,14211720,3.1560763888888888,46.8425
Willamette Falls,1.0,03/18/2019,14211720,3.377291666666667,47.4425
Willamette Falls,0.0,03/19/2019,14211720,3.7056597222222205,48.14750000000001
Willamette Falls,3.0,03/20/2019,14211720,4.286006944444444,49.193749999999994
Willamette Falls,2.0,03/21/2019,14211720,4.913194444444443,49.78250000000001
Willamette Falls,2.0,03/22/2019,14211720,5.0221527777777775,49.745
Willamette Falls,2.0,03/23/2019,14211720,5.770451388888886,49.47875
Willamette Falls,2.0,03/24/2019,14211720,5.671215277777773,48.863749999999996
Willamette Falls,0.0,03/25/2019,14211720,5.497013888888887,48.379999999999995
Willamette Falls,1.0,03/26/2019,14211720,5.498576388888889,48.128750000000004
Willamette Falls,1.0,03/27/2019,14211720,5.311180555555556,48.275000000000006
Willamette Falls,2.0,03/28/2019,14211720,4.82850694444444,48.13625000000001
Willamette Falls,5.0,03/29/2019,14211720,4.57704861111111,48.39875000000001
Willamette Falls,11.0,03/30/2019,14211720,4.55170138888889,48.89375
Willamette Falls,14.0,03/31/2019,14211720,4.396562500000002,49.636250000000004
Willamette Falls,17.0,04/01/2019,14211720,4.725347222222222,50.50999999999999
Willamette Falls,16.0,04/02/2019,14211720,4.697465277777779,51.177499999999995
Willamette Falls,26.0,04/03/2019,14211720,4.6573263888888885,51.36125
Willamette Falls,12.0,04/04/2019,14211720,4.634409722222224,51.503750000000004
Willamette Falls,4.0,04/05/2019,14211720,5.341979166666665,51.29375000000001
Willamette Falls,2.0,04/06/2019,14211720,6.350069444444444,50.69
Willamette Falls,1.0,04/07/2019,14211720,7.7041666666666755,49.849999999999994
Willamette Falls,0.0,04/08/2019,14211720,9.18399305555556,48.05749999999999
Willamette Falls,0.0,04/09/2019,14211720,10.940555555555562,48.08000000000001
Willamette Falls,0.0,04/10/2019,14211720,12.678611111111104,48.88250000000001
Willamette Falls,0.0,04/11/2019,14211720,14.728611111111118,49.37
Willamette Falls,0.0,04/12/2019,14211720,15.453750000000026,49.35499999999999
Willamette Falls,0.0,04/13/2019,14211720,14.588402777777778,49.34750000000001
Willamette Falls,0.0,04/14/2019,14211720,12.97267361111111,48.94624999999999
Willamette Falls,1.0,04/15/2019,14211720,11.830729166666677,48.6125
Willamette Falls,1.0,04/16/2019,14211720,10.407048611111115,48.23375
Willamette Falls,0.0,04/17/2019,14211720,9.381215277777779,48.44749999999999
Willamette Falls,0.0,04/18/2019,14211720,8.760173611111103,49.68875
Willamette Falls,1.0,04/19/2019,14211720,8.565034722222228,51.432500000000005
Willamette Falls,3.0,04/20/2019,14211720,8.493402777777776,52.23124999999998
Willamette Falls,16.0,04/21/2019,14211720,7.899756944444452,52.459999999999994
Willamette Falls,43.0,04/22/2019,14211720,8.192673611111118,52.56874999999999
Willamette Falls,60.0,04/23/2019,14211720,8.587847222222228,52.553749999999994
Willamette Falls,128.0,04/24/2019,14211720,8.589166666666674,52.77659574468085
Willamette Falls,178.0,04/25/2019,14211720,9.32430555555556,53.408750000000005
Willamette Falls,543.0,04/26/2019,14211720,9.347256944444448,54.154999999999994
Willamette Falls,603.0,04/27/2019,14211720,8.123472222222226,54.792500000000004
Willamette Falls,372.0,04/28/2019,14211720,7.546770833333337,54.972500000000004
Willamette Falls,452.0,04/29/2019,14211720,7.165347222222223,54.92
Willamette Falls,361.0,04/30/2019,14211720,6.912534722222215,54.803749999999994
Willamette Falls,289.0,05/01/2019,14211720,6.732256944444444,54.62749999999998
Willamette Falls,461.0,05/02/2019,14211720,6.341458333333336,54.82625
Willamette Falls,550.0,05/03/2019,14211720,6.124861111111112,55.3025
Willamette Falls,635.0,05/04/2019,14211720,6.195104166666666,56.075
Willamette Falls,977.0,05/05/2019,14211720,6.345902777777779,56.735000000000014
Willamette Falls,1235.0,05/06/2019,14211720,6.17909722222222,57.350000000000016
Willamette Falls,796.0,05/07/2019,14211720,6.139687499999997,58.4
Willamette Falls,820.0,05/08/2019,14211720,6.025486111111114,59.56999999999999
Willamette Falls,681.0,05/09/2019,14211720,5.930729166666666,60.69874999999999
Willamette Falls,460.0,05/10/2019,14211720,6.078611111111112,61.94749999999999
Willamette Falls,411.0,05/11/2019,14211720,6.496284722222219,62.82874999999999
Willamette Falls,553.0,05/12/2019,14211720,6.63836805555556,63.394999999999996
Willamette Falls,372.0,05/13/2019,14211720,6.594166666666665,63.754999999999995
Willamette Falls,400.0,05/14/2019,14211720,7.2460416666666685,63.54875
Willamette Falls,232.0,05/15/2019,14211720,8.15121527777778,62.72374999999998
Willamette Falls,162.0,05/16/2019,14211720,9.09531250000001,61.602500000000035
Willamette Falls,181.0,05/17/2019,14211720,9.158263888888888,60.44375
Willamette Falls,92.0,05/18/2019,14211720,9.227326388888885,59.13874999999999
Willamette Falls,155.0,05/19/2019,14211720,9.943055555555564,58.33625
Willamette Falls,106.0,05/20/2019,14211720,9.828124999999996,57.451250000000016
Willamette Falls,145.0,05/21/2019,14211720,9.42680555555556,57.24125000000001
Willamette Falls,271.0,05/22/2019,14211720,8.705868055555557,57.897499999999994
Willamette Falls,296.0,05/23/2019,14211720,8.00309027777778,58.81625
Willamette Falls,211.0,05/24/2019,14211720,7.392048611111115,59.4575
Willamette Falls,130.0,05/25/2019,14211720,6.345138888888886,59.59999999999998
Willamette Falls,248.0,05/26/2019,14211720,6.6283680555555575,59.457499999999996
Willamette Falls,144.0,05/27/2019,14211720,6.480868055555555,59.69000000000001
Willamette Falls,130.0,05/28/2019,14211720,6.48538194444444,59.33000000000002
Willamette Falls,118.0,05/29/2019,14211720,6.894131944444442,58.985
Willamette Falls,122.0,05/30/2019,14211720,7.215798611111105,59.13875
Willamette Falls,241.0,05/31/2019,14211720,7.811006944444429,59.82499999999999
Willamette Falls,0.0,03/01/2020,14211720,3.5651041666666674,46.66250000000001
Willamette Falls,0.0,03/02/2020,14211720,3.1174305555555555,46.7075
Willamette Falls,1.0,03/03/2020,14211720,2.643680555555556,47.015
Willamette Falls,0.0,03/04/2020,14211720,3.011736111111114,47.13500000000001
Willamette Falls,1.0,03/05/2020,14211720,3.5276449275362314,47.386250000000004
Willamette Falls,5.0,03/06/2020,14211720,4.076249999999998,47.39750000000001
Willamette Falls,4.0,03/07/2020,14211720,4.281666666666666,47.757499999999986
Willamette Falls,4.0,03/08/2020,14211720,4.52521739130435,47.914347826086946
Willamette Falls,2.0,03/09/2020,14211720,4.487673611111109,48.21125000000001
Willamette Falls,1.0,03/10/2020,14211720,4.695312500000001,48.031249999999986
Willamette Falls,2.0,03/11/2020,14211720,4.4145833333333355,47.753750000000004
Willamette Falls,1.0,03/12/2020,14211720,3.8218749999999995,47.3075
Willamette Falls,1.0,03/13/2020,14211720,3.6366319444444457,47.09750000000001
Willamette Falls,4.0,03/14/2020,14211720,3.723645833333332,46.77125000000001
Willamette Falls,1.0,03/15/2020,14211720,3.313541666666667,46.306250000000006
Willamette Falls,2.0,03/16/2020,14211720,2.9985416666666653,46.535000000000004
Willamette Falls,0.0,03/17/2020,14211720,2.886909722222224,46.568749999999994
Willamette Falls,1.0,03/18/2020,14211720,2.955590277777777,46.51045454545455
Willamette Falls,3.0,03/19/2020,14211720,3.0456597222222217,46.756249999999994
Willamette Falls,1.0,03/20/2020,14211720,3.081805555555556,47.49125
Willamette Falls,2.0,03/21/2020,14211720,3.0077430555555544,48.33875
Willamette Falls,2.0,03/22/2020,14211720,3.1339236111111104,49.3925
Willamette Falls,7.0,03/23/2020,14211720,3.4324999999999997,50.146249999999995
Willamette Falls,6.0,03/24/2020,14211720,3.529236111111114,50.65999999999999
Willamette Falls,9.0,03/25/2020,14211720,3.5315625000000006,50.72375
Willamette Falls,16.0,03/26/2020,14211720,3.395416666666667,50.78375
Willamette Falls,22.0,03/27/2020,14211720,3.276944444444446,50.83249999999998
Willamette Falls,12.0,03/28/2020,14211720,3.27767361111111,50.510000000000005
Willamette Falls,8.0,03/29/2020,14211720,3.48545138888889,50.19125000000001
Willamette Falls,8.0,03/30/2020,14211720,3.8080902777777776,49.61750000000001
Willamette Falls,6.0,03/31/2020,14211720,4.1040277777777785,49.1225
Willamette Falls,3.0,04/01/2020,14211720,3.9771180555555556,48.99875
Willamette Falls,2.0,04/02/2020,14211720,3.886527777777783,48.11
Willamette Falls,0.0,04/03/2020,14211720,3.5568402777777774,47.56249999999999
Willamette Falls,4.0,04/04/2020,14211720,3.5862847222222234,47.2025
Willamette Falls,6.0,04/05/2020,14211720,3.9976388888888903,47.59625
Willamette Falls,7.0,04/06/2020,14211720,4.179687500000003,48.46624999999999
Willamette Falls,24.0,04/07/2020,14211720,4.086319444444446,49.021249999999995
Willamette Falls,45.0,04/08/2020,14211720,4.059791666666665,50.213750000000005
Willamette Falls,69.0,04/09/2020,14211720,4.10892361111111,51.47749999999999
Willamette Falls,73.0,04/10/2020,14211720,4.324895833333334,52.70375
Willamette Falls,140.0,04/11/2020,14211720,4.35704861111111,53.65999999999998
Willamette Falls,125.0,04/12/2020,14211720,3.9784027777777777,54.22624999999999
Willamette Falls,111.0,04/13/2020,14211720,3.407465277777779,54.578749999999985
Willamette Falls,172.0,04/14/2020,14211720,2.9536805555555534,55.03625000000001
Willamette Falls,271.0,04/15/2020,14211720,2.7495486111111105,55.235
Willamette Falls,230.0,04/16/2020,14211720,2.6104513888888885,55.163750000000014
Willamette Falls,288.0,04/17/2020,14211720,2.936493055555557,55.12625
Willamette Falls,256.0,04/18/2020,14211720,3.4910763888888883,55.261250000000004
Willamette Falls,522.0,04/19/2020,14211720,3.5320486111111116,55.332499999999996
Willamette Falls,607.0,04/20/2020,14211720,3.7262152777777775,55.18625
Willamette Falls,396.0,04/21/2020,14211720,3.900902777777777,55.636250000000004
Willamette Falls,294.0,04/22/2020,14211720,4.155624999999998,55.67750000000001
Willamette Falls,394.0,04/23/2020,14211720,4.533298611111111,55.22749999999999
Willamette Falls,360.0,04/24/2020,14211720,4.742430555555553,55.235
Willamette Falls,417.0,04/25/2020,14211720,5.111597222222219,55.40375000000001
Willamette Falls,459.0,04/26/2020,14211720,5.011736111111108,55.745000000000005
Willamette Falls,388.0,04/27/2020,14211720,5.243229166666663,55.966249999999995
Willamette Falls,505.0,04/28/2020,14211720,5.262708333333325,56.62625000000001
Willamette Falls,487.0,04/29/2020,14211720,6.134930555555556,56.83250000000001
Willamette Falls,578.0,04/30/2020,14211720,6.106944444444452,57.035
Willamette Falls,329.0,05/01/2020,14211720,5.166770833333335,57.312499999999986
Willamette Falls,373.0,05/02/2020,14211720,6.079201388888898,57.51124999999999
Willamette Falls,387.0,05/03/2020,14211720,6.573958333333327,57.511250000000004
Willamette Falls,244.0,05/04/2020,14211720,6.753333333333334,56.85499999999999
Willamette Falls,233.0,05/05/2020,14211720,7.236215277777782,56.27375000000001
Willamette Falls,331.0,05/06/2020,14211720,7.28944444444444,56.31499999999998
Willamette Falls,412.0,05/07/2020,14211720,7.299305555555558,56.27749999999999
Willamette Falls,604.0,05/08/2020,14211720,7.610833333333328,56.8025
Willamette Falls,505.0,05/09/2020,14211720,7.901458333333333,58.1
Willamette Falls,588.0,05/10/2020,14211720,7.5827430555555555,59.49125
Willamette Falls,670.0,05/11/2020,14211720,7.304965277777784,60.46624999999999
Willamette Falls,484.0,05/12/2020,14211720,7.91225694444444,61.085000000000015
Willamette Falls,388.0,05/13/2020,14211720,8.19663194444445,61.25374999999997
Willamette Falls,211.0,05/14/2020,14211720,8.64003472222221,61.51999999999998
Willamette Falls,271.0,05/15/2020,14211720,9.033715277777793,60.81124999999999
Willamette Falls,180.0,05/16/2020,14211720,8.52270833333333,59.19125000000001
Willamette Falls,241.0,05/17/2020,14211720,8.276388888888874,58.238749999999996
Willamette Falls,194.0,05/18/2020,14211720,8.09059027777778,57.88250000000001
Willamette Falls,274.0,05/19/2020,14211720,8.578506944444456,58.00250000000001
Willamette Falls,263.0,05/20/2020,14211720,9.247951388888893,57.833749999999995
Willamette Falls,249.0,05/21/2020,14211720,9.831666666666663,57.50750000000001
Willamette Falls,134.0,05/22/2020,14211720,9.90229166666667,57.06875000000001
Willamette Falls,45.0,05/23/2020,14211720,9.762638888888894,55.94375
Willamette Falls,122.0,05/24/2020,14211720,9.594791666666659,55.74499999999998
Willamette Falls,131.0,05/25/2020,14211720,9.428854166666667,56.22875000000002
Willamette Falls,337.0,05/26/2020,14211720,9.0025,56.675
Willamette Falls,129.0,05/27/2020,14211720,8.520104166666677,57.85625000000002
Willamette Falls,277.0,05/28/2020,14211720,8.266284722222228,59.224999999999994
Willamette Falls,406.0,05/29/2020,14211720,8.713715277777798,60.8525
Willamette Falls,377.0,05/30/2020,14211720,9.697291666666676,61.763750000000016
Willamette Falls,401.0,05/31/2020,14211720,9.784722222222236,63.04249999999999
