Project,Date,Chin,agency_cd,site_no,Gage_Mean
Bonneville,2009-03-01,0,USGS,14128600,75.39
Bonneville,2009-03-02,1,USGS,14128600,75.83
Bonneville,2009-03-03,0,USGS,14128600,75.65
Bonneville,2009-03-04,0,USGS,14128600,76.47
Bonneville,2009-03-05,0,USGS,14128600,76.57
Bonneville,2009-03-06,3,USGS,14128600,76.48
Bonneville,2009-03-07,0,USGS,14128600,75.97
Bonneville,2009-03-08,1,USGS,14128600,75.92
Bonneville,2009-03-09,12,USGS,14128600,76.4
Bonneville,2009-03-10,0,USGS,14128600,76.42
Bonneville,2009-03-11,0,USGS,14128600,76.11
Bonneville,2009-03-12,2,USGS,14128600,75.67
Bonneville,2009-03-13,4,USGS,14128600,76.03
Bonneville,2009-03-14,0,USGS,14128600,75.6
Bonneville,2009-03-15,2,USGS,14128600,75.97
Bonneville,2009-03-16,3,USGS,14128600,76.2
Bonneville,2009-03-17,2,USGS,14128600,76.26
Bonneville,2009-03-18,3,USGS,14128600,76.16
Bonneville,2009-03-19,14,USGS,14128600,75.89
Bonneville,2009-03-20,3,USGS,14128600,76.24
Bonneville,2009-03-21,10,USGS,14128600,76.39
Bonneville,2009-03-22,7,USGS,14128600,76.25
Bonneville,2009-03-23,9,USGS,14128600,76.54
Bonneville,2009-03-24,10,USGS,14128600,76.27
Bonneville,2009-03-25,9,USGS,14128600,76.14
Bonneville,2009-03-26,12,USGS,14128600,76.28
Bonneville,2009-03-27,10,USGS,14128600,75.66
Bonneville,2009-03-28,6,USGS,14128600,76.45
Bonneville,2009-03-29,9,USGS,14128600,76.33
Bonneville,2009-03-30,9,USGS,14128600,76.04
Bonneville,2009-03-31,23,USGS,14128600,76.32
Bonneville,2009-04-01,10,USGS,14128600,76.34
Bonneville,2009-04-02,12,USGS,14128600,76.14
Bonneville,2009-04-03,47,USGS,14128600,76.02
Bonneville,2009-04-04,42,USGS,14128600,76.14
Bonneville,2009-04-05,65,USGS,14128600,75.8
Bonneville,2009-04-06,100,USGS,14128600,75.35
Bonneville,2009-04-07,79,USGS,14128600,75.35
Bonneville,2009-04-08,88,USGS,14128600,75.15
Bonneville,2009-04-09,130,USGS,14128600,75.88
Bonneville,2009-04-10,179,USGS,14128600,76.66
Bonneville,2009-04-11,97,USGS,14128600,76.59
Bonneville,2009-04-12,101,USGS,14128600,76.08
Bonneville,2009-04-13,74,USGS,14128600,75.11
Bonneville,2009-04-14,89,USGS,14128600,74.91
Bonneville,2009-04-15,55,USGS,14128600,75.68
Bonneville,2009-04-16,112,USGS,14128600,75.2
Bonneville,2009-04-17,152,USGS,14128600,75.03
Bonneville,2009-04-18,258,USGS,14128600,75.09
Bonneville,2009-04-19,742,USGS,14128600,74.75
Bonneville,2009-04-20,616,USGS,14128600,74.45
Bonneville,2009-04-21,1164,USGS,14128600,74.64
Bonneville,2009-04-22,1990,USGS,14128600,74.51
Bonneville,2009-04-23,2142,USGS,14128600,75.48
Bonneville,2009-04-24,1509,USGS,14128600,77.19
Bonneville,2009-04-25,1604,USGS,14128600,76.06
Bonneville,2009-04-26,1765,USGS,14128600,75.99
Bonneville,2009-04-27,2095,USGS,14128600,76.01
Bonneville,2009-04-28,1483,USGS,14128600,75.64
Bonneville,2009-04-29,2904,USGS,14128600,75.33
Bonneville,2009-04-30,2151,USGS,14128600,75.74
Bonneville,2009-05-01,3028,USGS,14128600,75.95
Bonneville,2009-05-02,7036,USGS,14128600,75.62
Bonneville,2009-05-03,6317,USGS,14128600,75.43
Bonneville,2009-05-04,3856,USGS,14128600,75.59
Bonneville,2009-05-05,4827,USGS,14128600,75.84
Bonneville,2009-05-06,4493,USGS,14128600,76.45
Bonneville,2009-05-07,5026,USGS,14128600,76.45
Bonneville,2009-05-08,4277,USGS,14128600,74.5
Bonneville,2009-05-09,2153,USGS,14128600,75.6
Bonneville,2009-05-10,3195,USGS,14128600,75.97
Bonneville,2009-05-11,3481,USGS,14128600,76.16
Bonneville,2009-05-12,3821,USGS,14128600,76.3
Bonneville,2009-05-13,1848,USGS,14128600,76.97
Bonneville,2009-05-14,1897,USGS,14128600,76.1
Bonneville,2009-05-15,3308,USGS,14128600,75.64
Bonneville,2009-05-16,2506,USGS,14128600,75.54
Bonneville,2009-05-17,2648,USGS,14128600,75.19
Bonneville,2009-05-18,4166,USGS,14128600,75.51
Bonneville,2009-05-19,3095,USGS,14128600,76.43
Bonneville,2009-05-20,2136,USGS,14128600,76.88
Bonneville,2009-05-21,2110,USGS,14128600,76.57
Bonneville,2009-05-22,2172,USGS,14128600,76.49
Bonneville,2009-05-23,2010,USGS,14128600,75.41
Bonneville,2009-05-24,2128,USGS,14128600,76.39
Bonneville,2009-05-25,1962,USGS,14128600,76.2
Bonneville,2009-05-26,1830,USGS,14128600,76.6
Bonneville,2009-05-27,1432,USGS,14128600,76.24
Bonneville,2009-05-28,1310,USGS,14128600,76.21
Bonneville,2009-05-29,1540,USGS,14128600,75.67
Bonneville,2009-05-30,1251,USGS,14128600,76.55
Bonneville,2009-05-31,1670,USGS,14128600,76.84
Bonneville,2010-03-01,3,USGS,14128600,76.79
Bonneville,2010-03-02,0,USGS,14128600,76.71
Bonneville,2010-03-03,0,USGS,14128600,76.93
Bonneville,2010-03-04,0,USGS,14128600,76.95
Bonneville,2010-03-05,0,USGS,14128600,76.71
Bonneville,2010-03-06,1,USGS,14128600,76.88
Bonneville,2010-03-07,0,USGS,14128600,76.65
Bonneville,2010-03-08,1,USGS,14128600,76.06
Bonneville,2010-03-09,1,USGS,14128600,76.58
Bonneville,2010-03-10,2,USGS,14128600,76.81
Bonneville,2010-03-11,4,USGS,14128600,76.6
Bonneville,2010-03-12,6,USGS,14128600,76.27
Bonneville,2010-03-13,7,USGS,14128600,75.21
Bonneville,2010-03-14,9,USGS,14128600,75.3
Bonneville,2010-03-15,7,USGS,14128600,75.32
Bonneville,2010-03-16,11,USGS,14128600,75.09
Bonneville,2010-03-17,6,USGS,14128600,74.37
Bonneville,2010-03-18,14,USGS,14128600,73.89
Bonneville,2010-03-19,25,USGS,14128600,73.76
Bonneville,2010-03-20,11,USGS,14128600,73.84
Bonneville,2010-03-21,9,USGS,14128600,73.28
Bonneville,2010-03-22,22,USGS,14128600,73.21
Bonneville,2010-03-23,16,USGS,14128600,74.88
Bonneville,2010-03-24,24,USGS,14128600,75.32
Bonneville,2010-03-25,35,USGS,14128600,75.91
Bonneville,2010-03-26,32,USGS,14128600,76.07
Bonneville,2010-03-27,23,USGS,14128600,76.22
Bonneville,2010-03-28,26,USGS,14128600,75.79
Bonneville,2010-03-29,45,USGS,14128600,76.3
Bonneville,2010-03-30,74,USGS,14128600,76.09
Bonneville,2010-03-31,54,USGS,14128600,75.22
Bonneville,2010-04-01,166,USGS,14128600,73.67
Bonneville,2010-04-02,227,USGS,14128600,72.82
Bonneville,2010-04-03,159,USGS,14128600,73.84
Bonneville,2010-04-04,168,USGS,14128600,74.87
Bonneville,2010-04-05,88,USGS,14128600,75.54
Bonneville,2010-04-06,229,USGS,14128600,75.45
Bonneville,2010-04-07,338,USGS,14128600,75.58
Bonneville,2010-04-08,687,USGS,14128600,75.52
Bonneville,2010-04-09,1068,USGS,14128600,75.75
Bonneville,2010-04-10,3546,USGS,14128600,76.41
Bonneville,2010-04-11,1136,USGS,14128600,76.1
Bonneville,2010-04-12,1470,USGS,14128600,76.2
Bonneville,2010-04-13,1839,USGS,14128600,76.5
Bonneville,2010-04-14,3794,USGS,14128600,76.72
Bonneville,2010-04-15,7719,USGS,14128600,76.43
Bonneville,2010-04-16,6528,USGS,14128600,76.35
Bonneville,2010-04-17,7833,USGS,14128600,76.3
Bonneville,2010-04-18,2492,USGS,14128600,76.01
Bonneville,2010-04-19,7762,USGS,14128600,75.82
Bonneville,2010-04-20,9014,USGS,14128600,75.71
Bonneville,2010-04-21,11697,USGS,14128600,75.84
Bonneville,2010-04-22,7407,USGS,14128600,75.78
Bonneville,2010-04-23,6619,USGS,14128600,76.69
Bonneville,2010-04-24,5773,USGS,14128600,76.37
Bonneville,2010-04-25,7284,USGS,14128600,76.19
Bonneville,2010-04-26,6469,USGS,14128600,76.62
Bonneville,2010-04-27,9073,USGS,14128600,76.32
Bonneville,2010-04-28,8122,USGS,14128600,76.12
Bonneville,2010-04-29,8788,USGS,14128600,76.13
Bonneville,2010-04-30,5996,USGS,14128600,75.9
Bonneville,2010-05-01,7764,USGS,14128600,76.07
Bonneville,2010-05-02,7651,USGS,14128600,76.88
Bonneville,2010-05-03,9184,USGS,14128600,76.67
Bonneville,2010-05-04,4808,USGS,14128600,76.08
Bonneville,2010-05-05,4289,USGS,14128600,75.76
Bonneville,2010-05-06,6732,USGS,14128600,76.14
Bonneville,2010-05-07,7549,USGS,14128600,76.15
Bonneville,2010-05-08,5655,USGS,14128600,76.29
Bonneville,2010-05-09,7306,USGS,14128600,76.16
Bonneville,2010-05-10,6614,USGS,14128600,75.96
Bonneville,2010-05-11,2807,USGS,14128600,75.66
Bonneville,2010-05-12,3681,USGS,14128600,75.95
Bonneville,2010-05-13,2482,USGS,14128600,76.0
Bonneville,2010-05-14,2985,USGS,14128600,76.0
Bonneville,2010-05-15,4998,USGS,14128600,76.1
Bonneville,2010-05-16,2814,USGS,14128600,76.27
Bonneville,2010-05-17,2219,USGS,14128600,76.29
Bonneville,2010-05-18,1256,USGS,14128600,75.46
Bonneville,2010-05-19,1219,USGS,14128600,75.08
Bonneville,2010-05-20,709,USGS,14128600,75.05
Bonneville,2010-05-21,761,USGS,14128600,75.89
Bonneville,2010-05-22,728,USGS,14128600,76.18
Bonneville,2010-05-23,947,USGS,14128600,75.99
Bonneville,2010-05-24,1564,USGS,14128600,76.05
Bonneville,2010-05-25,1232,USGS,14128600,75.45
Bonneville,2010-05-26,1138,USGS,14128600,75.56
Bonneville,2010-05-27,1829,USGS,14128600,75.74
Bonneville,2010-05-28,1563,USGS,14128600,75.96
Bonneville,2010-05-29,2282,USGS,14128600,75.81
Bonneville,2010-05-30,2625,USGS,14128600,76.54
Bonneville,2010-05-31,3069,USGS,14128600,76.43
Bonneville,2011-03-01,0,USGS,14128600,75.37
Bonneville,2011-03-02,2,USGS,14128600,75.13
Bonneville,2011-03-03,1,USGS,14128600,74.56
Bonneville,2011-03-04,0,USGS,14128600,74.68
Bonneville,2011-03-05,2,USGS,14128600,74.45
Bonneville,2011-03-06,3,USGS,14128600,74.72
Bonneville,2011-03-07,7,USGS,14128600,75.74
Bonneville,2011-03-08,1,USGS,14128600,74.81
Bonneville,2011-03-09,2,USGS,14128600,74.86
Bonneville,2011-03-10,5,USGS,14128600,75.52
Bonneville,2011-03-11,4,USGS,14128600,74.39
Bonneville,2011-03-12,5,USGS,14128600,73.9
Bonneville,2011-03-13,1,USGS,14128600,74.19
Bonneville,2011-03-14,2,USGS,14128600,74.55
Bonneville,2011-03-15,1,USGS,14128600,75.29
Bonneville,2011-03-16,9,USGS,14128600,74.9
Bonneville,2011-03-17,4,USGS,14128600,74.69
Bonneville,2011-03-18,3,USGS,14128600,75.09
Bonneville,2011-03-19,2,USGS,14128600,74.81
Bonneville,2011-03-20,6,USGS,14128600,75.42
Bonneville,2011-03-21,3,USGS,14128600,74.19
Bonneville,2011-03-22,10,USGS,14128600,74.37
Bonneville,2011-03-23,14,USGS,14128600,74.73
Bonneville,2011-03-24,9,USGS,14128600,75.33
Bonneville,2011-03-25,15,USGS,14128600,74.66
Bonneville,2011-03-26,4,USGS,14128600,74.79
Bonneville,2011-03-27,1,USGS,14128600,75.12
Bonneville,2011-03-28,6,USGS,14128600,74.36
Bonneville,2011-03-29,8,USGS,14128600,74.65
Bonneville,2011-03-30,12,USGS,14128600,75.48
Bonneville,2011-03-31,17,USGS,14128600,75.02
Bonneville,2011-04-01,37,USGS,14128600,75.5
Bonneville,2011-04-02,42,USGS,14128600,77.43
Bonneville,2011-04-03,28,USGS,14128600,77.51
Bonneville,2011-04-04,14,USGS,14128600,76.97
Bonneville,2011-04-05,44,USGS,14128600,77.74
Bonneville,2011-04-06,27,USGS,14128600,77.89
Bonneville,2011-04-07,72,USGS,14128600,77.46
Bonneville,2011-04-08,84,USGS,14128600,76.75
Bonneville,2011-04-09,66,USGS,14128600,76.47
Bonneville,2011-04-10,72,USGS,14128600,77.33
Bonneville,2011-04-11,50,USGS,14128600,76.2
Bonneville,2011-04-12,79,USGS,14128600,76.04
Bonneville,2011-04-13,76,USGS,14128600,76.54
Bonneville,2011-04-14,85,USGS,14128600,75.69
Bonneville,2011-04-15,138,USGS,14128600,76.95
Bonneville,2011-04-16,119,USGS,14128600,76.26
Bonneville,2011-04-17,113,USGS,14128600,75.53
Bonneville,2011-04-18,253,USGS,14128600,76.29
Bonneville,2011-04-19,231,USGS,14128600,76.28
Bonneville,2011-04-20,217,USGS,14128600,75.52
Bonneville,2011-04-21,361,USGS,14128600,75.81
Bonneville,2011-04-22,496,USGS,14128600,75.82
Bonneville,2011-04-23,410,USGS,14128600,75.65
Bonneville,2011-04-24,539,USGS,14128600,75.66
Bonneville,2011-04-25,1019,USGS,14128600,75.75
Bonneville,2011-04-26,4787,USGS,14128600,75.89
Bonneville,2011-04-27,4690,USGS,14128600,75.88
Bonneville,2011-04-28,5846,USGS,14128600,76.34
Bonneville,2011-04-29,5927,USGS,14128600,75.49
Bonneville,2011-04-30,8657,USGS,14128600,75.06
Bonneville,2011-05-01,15766,USGS,14128600,75.93
Bonneville,2011-05-02,8402,USGS,14128600,75.63
Bonneville,2011-05-03,9832,USGS,14128600,75.55
Bonneville,2011-05-04,6478,USGS,14128600,75.93
Bonneville,2011-05-05,7515,USGS,14128600,74.55
Bonneville,2011-05-06,10131,USGS,14128600,74.59
Bonneville,2011-05-07,7870,USGS,14128600,75.14
Bonneville,2011-05-08,5839,USGS,14128600,76.13
Bonneville,2011-05-09,9255,USGS,14128600,75.67
Bonneville,2011-05-10,9754,USGS,14128600,76.32
Bonneville,2011-05-11,4625,USGS,14128600,75.18
Bonneville,2011-05-12,6623,USGS,14128600,75.15
Bonneville,2011-05-13,4979,USGS,14128600,76.03
Bonneville,2011-05-14,4392,USGS,14128600,76.0
Bonneville,2011-05-15,3099,USGS,14128600,75.97
Bonneville,2011-05-16,2979,USGS,14128600,77.21
Bonneville,2011-05-17,1788,USGS,14128600,78.05
Bonneville,2011-05-18,1160,USGS,14128600,78.3
Bonneville,2011-05-19,912,USGS,14128600,77.88
Bonneville,2011-05-20,1005,USGS,14128600,77.62
Bonneville,2011-05-21,1048,USGS,14128600,77.26
Bonneville,2011-05-22,582,USGS,14128600,77.63
Bonneville,2011-05-23,603,USGS,14128600,77.31
Bonneville,2011-05-24,657,USGS,14128600,77.67
Bonneville,2011-05-25,607,USGS,14128600,78.05
Bonneville,2011-05-26,443,USGS,14128600,77.32
Bonneville,2011-05-27,800,USGS,14128600,77.43
Bonneville,2011-05-28,1065,USGS,14128600,77.57
Bonneville,2011-05-29,914,USGS,14128600,78.29
Bonneville,2011-05-30,1241,USGS,14128600,78.69
Bonneville,2011-05-31,2030,USGS,14128600,78.17
Bonneville,2012-03-01,0,USGS,14128600,74.94
Bonneville,2012-03-02,0,USGS,14128600,75.81
Bonneville,2012-03-03,0,USGS,14128600,75.22
Bonneville,2012-03-04,2,USGS,14128600,75.6
Bonneville,2012-03-05,0,USGS,14128600,75.66
Bonneville,2012-03-06,1,USGS,14128600,75.1
Bonneville,2012-03-07,3,USGS,14128600,75.02
Bonneville,2012-03-08,0,USGS,14128600,75.32
Bonneville,2012-03-09,0,USGS,14128600,74.78
Bonneville,2012-03-10,0,USGS,14128600,74.71
Bonneville,2012-03-11,4,USGS,14128600,74.92
Bonneville,2012-03-12,1,USGS,14128600,74.62
Bonneville,2012-03-13,0,USGS,14128600,75.83
Bonneville,2012-03-14,2,USGS,14128600,75.75
Bonneville,2012-03-15,3,USGS,14128600,75.3
Bonneville,2012-03-16,3,USGS,14128600,75.32
Bonneville,2012-03-17,2,USGS,14128600,75.02
Bonneville,2012-03-18,2,USGS,14128600,75.24
Bonneville,2012-03-19,3,USGS,14128600,75.29
Bonneville,2012-03-20,1,USGS,14128600,74.88
Bonneville,2012-03-21,1,USGS,14128600,75.1
Bonneville,2012-03-22,0,USGS,14128600,75.4
Bonneville,2012-03-23,1,USGS,14128600,75.56
Bonneville,2012-03-24,0,USGS,14128600,76.79
Bonneville,2012-03-25,0,USGS,14128600,76.09
Bonneville,2012-03-26,2,USGS,14128600,75.11
Bonneville,2012-03-27,1,USGS,14128600,75.24
Bonneville,2012-03-28,3,USGS,14128600,75.32
Bonneville,2012-03-29,0,USGS,14128600,76.01
Bonneville,2012-03-30,2,USGS,14128600,77.78
Bonneville,2012-03-31,1,USGS,14128600,76.34
Bonneville,2012-04-01,2,USGS,14128600,75.26
Bonneville,2012-04-02,1,USGS,14128600,75.65
Bonneville,2012-04-03,3,USGS,14128600,75.23
Bonneville,2012-04-04,4,USGS,14128600,75.18
Bonneville,2012-04-05,17,USGS,14128600,75.57
Bonneville,2012-04-06,20,USGS,14128600,77.45
Bonneville,2012-04-07,6,USGS,14128600,76.9
Bonneville,2012-04-08,6,USGS,14128600,75.41
Bonneville,2012-04-09,15,USGS,14128600,74.47
Bonneville,2012-04-10,16,USGS,14128600,75.66
Bonneville,2012-04-11,9,USGS,14128600,76.4
Bonneville,2012-04-12,41,USGS,14128600,75.66
Bonneville,2012-04-13,78,USGS,14128600,75.78
Bonneville,2012-04-14,104,USGS,14128600,75.43
Bonneville,2012-04-15,141,USGS,14128600,75.53
Bonneville,2012-04-16,120,USGS,14128600,76.05
Bonneville,2012-04-17,235,USGS,14128600,75.8
Bonneville,2012-04-18,222,USGS,14128600,75.9
Bonneville,2012-04-19,365,USGS,14128600,75.43
Bonneville,2012-04-20,655,USGS,14128600,76.05
Bonneville,2012-04-21,1321,USGS,14128600,76.23
Bonneville,2012-04-22,2887,USGS,14128600,77.24
Bonneville,2012-04-23,4376,USGS,14128600,77.16
Bonneville,2012-04-24,4873,USGS,14128600,76.18
Bonneville,2012-04-25,2427,USGS,14128600,76.08
Bonneville,2012-04-26,1382,USGS,14128600,78.06
Bonneville,2012-04-27,781,USGS,14128600,76.44
Bonneville,2012-04-28,603,USGS,14128600,77.85
Bonneville,2012-04-29,823,USGS,14128600,77.21
Bonneville,2012-04-30,1930,USGS,14128600,76.08
Bonneville,2012-05-01,2238,USGS,14128600,76.19
Bonneville,2012-05-02,1746,USGS,14128600,76.52
Bonneville,2012-05-03,2506,USGS,14128600,77.45
Bonneville,2012-05-04,3393,USGS,14128600,77.2
Bonneville,2012-05-05,3002,USGS,14128600,77.27
Bonneville,2012-05-06,5959,USGS,14128600,77.84
Bonneville,2012-05-07,9081,USGS,14128600,76.55
Bonneville,2012-05-08,12000,USGS,14128600,76.11
Bonneville,2012-05-09,18436,USGS,14128600,76.22
Bonneville,2012-05-10,7200,USGS,14128600,76.43
Bonneville,2012-05-11,5381,USGS,14128600,76.72
Bonneville,2012-05-12,7284,USGS,14128600,77.11
Bonneville,2012-05-13,8786,USGS,14128600,77.22
Bonneville,2012-05-14,8224,USGS,14128600,75.67
Bonneville,2012-05-15,7324,USGS,14128600,76.02
Bonneville,2012-05-16,4036,USGS,14128600,76.39
Bonneville,2012-05-17,4636,USGS,14128600,76.67
Bonneville,2012-05-18,3118,USGS,14128600,77.81
Bonneville,2012-05-19,2199,USGS,14128600,78.45
Bonneville,2012-05-20,2053,USGS,14128600,76.95
Bonneville,2012-05-21,1987,USGS,14128600,76.43
Bonneville,2012-05-22,1097,USGS,14128600,76.47
Bonneville,2012-05-23,960,USGS,14128600,76.95
Bonneville,2012-05-24,1372,USGS,14128600,77.2
Bonneville,2012-05-25,1406,USGS,14128600,77.4
Bonneville,2012-05-26,1160,USGS,14128600,77.38
Bonneville,2012-05-27,1144,USGS,14128600,76.37
Bonneville,2012-05-28,1383,USGS,14128600,76.53
Bonneville,2012-05-29,1494,USGS,14128600,76.27
Bonneville,2012-05-30,1833,USGS,14128600,76.7
Bonneville,2012-05-31,2149,USGS,14128600,75.76
Bonneville,2013-03-01,2,USGS,14128600,75.36
Bonneville,2013-03-02,1,USGS,14128600,75.54
Bonneville,2013-03-03,7,USGS,14128600,75.89
Bonneville,2013-03-04,-1,USGS,14128600,76.75
Bonneville,2013-03-05,1,USGS,14128600,75.7
Bonneville,2013-03-06,2,USGS,14128600,75.32
Bonneville,2013-03-07,1,USGS,14128600,75.34
Bonneville,2013-03-08,1,USGS,14128600,74.35
Bonneville,2013-03-09,3,USGS,14128600,74.57
Bonneville,2013-03-10,6,USGS,14128600,75.22
Bonneville,2013-03-11,2,USGS,14128600,74.55
Bonneville,2013-03-12,6,USGS,14128600,74.51
Bonneville,2013-03-13,3,USGS,14128600,74.86
Bonneville,2013-03-14,6,USGS,14128600,74.75
Bonneville,2013-03-15,22,USGS,14128600,74.4
Bonneville,2013-03-16,5,USGS,14128600,74.05
Bonneville,2013-03-17,7,USGS,14128600,73.84
Bonneville,2013-03-18,7,USGS,14128600,74.2
Bonneville,2013-03-19,8,USGS,14128600,75.47
Bonneville,2013-03-20,4,USGS,14128600,74.99
Bonneville,2013-03-21,12,USGS,14128600,74.97
Bonneville,2013-03-22,12,USGS,14128600,75.62
Bonneville,2013-03-23,8,USGS,14128600,75.59
Bonneville,2013-03-24,6,USGS,14128600,75.05
Bonneville,2013-03-25,5,USGS,14128600,74.97
Bonneville,2013-03-26,16,USGS,14128600,74.5
Bonneville,2013-03-27,10,USGS,14128600,74.65
Bonneville,2013-03-28,25,USGS,14128600,75.15
Bonneville,2013-03-29,22,USGS,14128600,74.98
Bonneville,2013-03-30,26,USGS,14128600,74.84
Bonneville,2013-03-31,45,USGS,14128600,74.12
Bonneville,2013-04-01,45,USGS,14128600,73.7
Bonneville,2013-04-02,71,USGS,14128600,73.52
Bonneville,2013-04-03,91,USGS,14128600,74.61
Bonneville,2013-04-04,70,USGS,14128600,75.11
Bonneville,2013-04-05,55,USGS,14128600,75.06
Bonneville,2013-04-06,40,USGS,14128600,75.88
Bonneville,2013-04-07,61,USGS,14128600,76.4
Bonneville,2013-04-08,145,USGS,14128600,76.48
Bonneville,2013-04-09,177,USGS,14128600,76.33
Bonneville,2013-04-10,153,USGS,14128600,76.05
Bonneville,2013-04-11,120,USGS,14128600,75.79
Bonneville,2013-04-12,173,USGS,14128600,76.67
Bonneville,2013-04-13,105,USGS,14128600,75.45
Bonneville,2013-04-14,80,USGS,14128600,75.48
Bonneville,2013-04-15,107,USGS,14128600,76.35
Bonneville,2013-04-16,124,USGS,14128600,76.24
Bonneville,2013-04-17,91,USGS,14128600,75.78
Bonneville,2013-04-18,262,USGS,14128600,75.42
Bonneville,2013-04-19,355,USGS,14128600,75.26
Bonneville,2013-04-20,509,USGS,14128600,75.49
Bonneville,2013-04-21,454,USGS,14128600,75.67
Bonneville,2013-04-22,836,USGS,14128600,75.84
Bonneville,2013-04-23,1027,USGS,14128600,75.2
Bonneville,2013-04-24,2227,USGS,14128600,74.84
Bonneville,2013-04-25,2541,USGS,14128600,75.19
Bonneville,2013-04-26,5346,USGS,14128600,75.9
Bonneville,2013-04-27,4551,USGS,14128600,76.03
Bonneville,2013-04-28,4181,USGS,14128600,76.56
Bonneville,2013-04-29,2461,USGS,14128600,75.89
Bonneville,2013-04-30,2350,USGS,14128600,76.0
Bonneville,2013-05-01,2123,USGS,14128600,75.84
Bonneville,2013-05-02,4663,USGS,14128600,75.43
Bonneville,2013-05-03,7311,USGS,14128600,75.43
Bonneville,2013-05-04,1834,USGS,14128600,75.71
Bonneville,2013-05-05,4202,USGS,14128600,75.36
Bonneville,2013-05-06,3915,USGS,14128600,75.15
Bonneville,2013-05-07,2901,USGS,14128600,74.71
Bonneville,2013-05-08,2104,USGS,14128600,74.19
Bonneville,2013-05-09,2226,USGS,14128600,74.46
Bonneville,2013-05-10,1417,USGS,14128600,75.5
Bonneville,2013-05-11,1582,USGS,14128600,76.78
Bonneville,2013-05-12,957,USGS,14128600,77.17
Bonneville,2013-05-13,1018,USGS,14128600,76.7
Bonneville,2013-05-14,1367,USGS,14128600,76.59
Bonneville,2013-05-15,1308,USGS,14128600,76.64
Bonneville,2013-05-16,999,USGS,14128600,76.44
Bonneville,2013-05-17,1280,USGS,14128600,76.19
Bonneville,2013-05-18,1270,USGS,14128600,76.65
Bonneville,2013-05-19,1102,USGS,14128600,76.61
Bonneville,2013-05-20,1105,USGS,14128600,76.36
Bonneville,2013-05-21,955,USGS,14128600,76.19
Bonneville,2013-05-22,908,USGS,14128600,75.97
Bonneville,2013-05-23,782,USGS,14128600,76.48
Bonneville,2013-05-24,1013,USGS,14128600,75.98
Bonneville,2013-05-25,822,USGS,14128600,76.06
Bonneville,2013-05-26,869,USGS,14128600,76.15
Bonneville,2013-05-27,915,USGS,14128600,76.23
Bonneville,2013-05-28,807,USGS,14128600,75.81
Bonneville,2013-05-29,787,USGS,14128600,75.66
Bonneville,2013-05-30,837,USGS,14128600,75.81
Bonneville,2013-05-31,872,USGS,14128600,75.62
Bonneville,2014-03-01,0,USGS,14128600,75.37
Bonneville,2014-03-02,0,USGS,14128600,75.1
Bonneville,2014-03-03,0,USGS,14128600,75.39
Bonneville,2014-03-04,0,USGS,14128600,75.33
Bonneville,2014-03-05,0,USGS,14128600,75.09
Bonneville,2014-03-06,0,USGS,14128600,76.02
Bonneville,2014-03-07,0,USGS,14128600,76.16
Bonneville,2014-03-08,1,USGS,14128600,76.22
Bonneville,2014-03-09,0,USGS,14128600,75.62
Bonneville,2014-03-10,0,USGS,14128600,75.37
Bonneville,2014-03-11,0,USGS,14128600,75.47
Bonneville,2014-03-12,0,USGS,14128600,75.72
Bonneville,2014-03-13,0,USGS,14128600,75.07
Bonneville,2014-03-14,0,USGS,14128600,74.47
Bonneville,2014-03-15,1,USGS,14128600,75.07
Bonneville,2014-03-16,2,USGS,14128600,74.86
Bonneville,2014-03-17,2,USGS,14128600,74.53
Bonneville,2014-03-18,0,USGS,14128600,74.97
Bonneville,2014-03-19,5,USGS,14128600,74.72
Bonneville,2014-03-20,3,USGS,14128600,74.49
Bonneville,2014-03-21,8,USGS,14128600,75.72
Bonneville,2014-03-22,11,USGS,14128600,76.13
Bonneville,2014-03-23,20,USGS,14128600,75.62
Bonneville,2014-03-24,27,USGS,14128600,74.95
Bonneville,2014-03-25,43,USGS,14128600,74.49
Bonneville,2014-03-26,47,USGS,14128600,75.38
Bonneville,2014-03-27,85,USGS,14128600,75.67
Bonneville,2014-03-28,89,USGS,14128600,75.59
Bonneville,2014-03-29,65,USGS,14128600,75.25
Bonneville,2014-03-30,30,USGS,14128600,75.16
Bonneville,2014-03-31,92,USGS,14128600,76.06
Bonneville,2014-04-01,19,USGS,14128600,75.44
Bonneville,2014-04-02,66,USGS,14128600,75.93
Bonneville,2014-04-03,157,USGS,14128600,75.08
Bonneville,2014-04-04,141,USGS,14128600,75.23
Bonneville,2014-04-05,157,USGS,14128600,75.17
Bonneville,2014-04-06,212,USGS,14128600,75.4
Bonneville,2014-04-07,187,USGS,14128600,74.92
Bonneville,2014-04-08,243,USGS,14128600,75.32
Bonneville,2014-04-09,346,USGS,14128600,75.92
Bonneville,2014-04-10,413,USGS,14128600,76.12
Bonneville,2014-04-11,445,USGS,14128600,76.23
Bonneville,2014-04-12,787,USGS,14128600,76.06
Bonneville,2014-04-13,895,USGS,14128600,75.69
Bonneville,2014-04-14,1368,USGS,14128600,75.46
Bonneville,2014-04-15,1756,USGS,14128600,75.69
Bonneville,2014-04-16,1509,USGS,14128600,75.99
Bonneville,2014-04-17,1384,USGS,14128600,75.2
Bonneville,2014-04-18,2256,USGS,14128600,75.43
Bonneville,2014-04-19,1350,USGS,14128600,75.78
Bonneville,2014-04-20,2264,USGS,14128600,75.97
Bonneville,2014-04-21,2866,USGS,14128600,75.58
Bonneville,2014-04-22,3701,USGS,14128600,75.49
Bonneville,2014-04-23,2512,USGS,14128600,76.25
Bonneville,2014-04-24,4057,USGS,14128600,76.02
Bonneville,2014-04-25,4355,USGS,14128600,76.29
Bonneville,2014-04-26,7176,USGS,14128600,77.27
Bonneville,2014-04-27,3906,USGS,14128600,76.71
Bonneville,2014-04-28,7709,USGS,14128600,75.65
Bonneville,2014-04-29,8481,USGS,14128600,75.94
Bonneville,2014-04-30,17409,USGS,14128600,76.35
Bonneville,2014-05-01,14011,USGS,14128600,75.59
Bonneville,2014-05-02,9846,USGS,14128600,74.88
Bonneville,2014-05-03,4520,USGS,14128600,75.53
Bonneville,2014-05-04,5775,USGS,14128600,75.57
Bonneville,2014-05-05,6944,USGS,14128600,76.06
Bonneville,2014-05-06,5201,USGS,14128600,76.82
Bonneville,2014-05-07,5309,USGS,14128600,77.13
Bonneville,2014-05-08,4259,USGS,14128600,77.16
Bonneville,2014-05-09,4537,USGS,14128600,76.42
Bonneville,2014-05-10,3042,USGS,14128600,76.16
Bonneville,2014-05-11,3866,USGS,14128600,76.39
Bonneville,2014-05-12,3563,USGS,14128600,76.91
Bonneville,2014-05-13,2104,USGS,14128600,76.28
Bonneville,2014-05-14,1995,USGS,14128600,75.25
Bonneville,2014-05-15,1923,USGS,14128600,74.46
Bonneville,2014-05-16,2639,USGS,14128600,75.02
Bonneville,2014-05-17,2757,USGS,14128600,76.29
Bonneville,2014-05-18,1969,USGS,14128600,76.55
Bonneville,2014-05-19,2064,USGS,14128600,77.2
Bonneville,2014-05-20,2273,USGS,14128600,77.09
Bonneville,2014-05-21,1827,USGS,14128600,76.71
Bonneville,2014-05-22,1675,USGS,14128600,76.45
Bonneville,2014-05-23,2093,USGS,14128600,76.54
Bonneville,2014-05-24,1955,USGS,14128600,77.2
Bonneville,2014-05-25,2069,USGS,14128600,76.61
Bonneville,2014-05-26,1929,USGS,14128600,76.16
Bonneville,2014-05-27,2001,USGS,14128600,76.63
Bonneville,2014-05-28,1895,USGS,14128600,76.88
Bonneville,2014-05-29,1691,USGS,14128600,77.03
Bonneville,2014-05-30,1652,USGS,14128600,76.85
Bonneville,2014-05-31,2037,USGS,14128600,76.69
Bonneville,2015-03-01,3,USGS,14128600,74.42
Bonneville,2015-03-02,10,USGS,14128600,73.81
Bonneville,2015-03-03,19,USGS,14128600,74.26
Bonneville,2015-03-04,10,USGS,14128600,74.59
Bonneville,2015-03-05,14,USGS,14128600,74.9
Bonneville,2015-03-06,9,USGS,14128600,75.99
Bonneville,2015-03-07,11,USGS,14128600,75.8
Bonneville,2015-03-08,5,USGS,14128600,74.68
Bonneville,2015-03-09,13,USGS,14128600,74.45
Bonneville,2015-03-10,35,USGS,14128600,74.66
Bonneville,2015-03-11,32,USGS,14128600,75.95
Bonneville,2015-03-12,33,USGS,14128600,75.55
Bonneville,2015-03-13,13,USGS,14128600,74.64
Bonneville,2015-03-14,14,USGS,14128600,74.56
Bonneville,2015-03-15,17,USGS,14128600,74.97
Bonneville,2015-03-16,38,USGS,14128600,75.13
Bonneville,2015-03-17,8,USGS,14128600,75.19
Bonneville,2015-03-18,36,USGS,14128600,74.87
Bonneville,2015-03-19,37,USGS,14128600,75.91
Bonneville,2015-03-20,48,USGS,14128600,75.57
Bonneville,2015-03-21,58,USGS,14128600,75.29
Bonneville,2015-03-22,30,USGS,14128600,75.88
Bonneville,2015-03-23,34,USGS,14128600,75.64
Bonneville,2015-03-24,56,USGS,14128600,75.01
Bonneville,2015-03-25,50,USGS,14128600,76.51
Bonneville,2015-03-26,73,USGS,14128600,76.93
Bonneville,2015-03-27,100,USGS,14128600,76.16
Bonneville,2015-03-28,185,USGS,14128600,75.32
Bonneville,2015-03-29,259,USGS,14128600,75.97
Bonneville,2015-03-30,155,USGS,14128600,75.53
Bonneville,2015-03-31,270,USGS,14128600,76.02
Bonneville,2015-04-01,270,USGS,14128600,74.85
Bonneville,2015-04-02,291,USGS,14128600,74.88
Bonneville,2015-04-03,265,USGS,14128600,76.55
Bonneville,2015-04-04,178,USGS,14128600,77.08
Bonneville,2015-04-05,165,USGS,14128600,76.72
Bonneville,2015-04-06,112,USGS,14128600,75.99
Bonneville,2015-04-07,387,USGS,14128600,75.95
Bonneville,2015-04-08,523,USGS,14128600,75.93
Bonneville,2015-04-09,836,USGS,14128600,75.73
Bonneville,2015-04-10,1238,USGS,14128600,75.87
Bonneville,2015-04-11,1269,USGS,14128600,74.75
Bonneville,2015-04-12,2028,USGS,14128600,75.28
Bonneville,2015-04-13,796,USGS,14128600,76.34
Bonneville,2015-04-14,587,USGS,14128600,75.89
Bonneville,2015-04-15,2972,USGS,14128600,75.74
Bonneville,2015-04-16,2952,USGS,14128600,75.8
Bonneville,2015-04-17,5417,USGS,14128600,75.37
Bonneville,2015-04-18,7926,USGS,14128600,75.99
Bonneville,2015-04-19,11327,USGS,14128600,75.68
Bonneville,2015-04-20,13190,USGS,14128600,74.85
Bonneville,2015-04-21,5987,USGS,14128600,73.18
Bonneville,2015-04-22,7976,USGS,14128600,72.97
Bonneville,2015-04-23,4565,USGS,14128600,73.64
Bonneville,2015-04-24,4462,USGS,14128600,74.96
Bonneville,2015-04-25,4581,USGS,14128600,75.96
Bonneville,2015-04-26,5401,USGS,14128600,76.04
Bonneville,2015-04-27,9733,USGS,14128600,76.27
Bonneville,2015-04-28,17045,USGS,14128600,75.57
Bonneville,2015-04-29,11303,USGS,14128600,75.7
Bonneville,2015-04-30,13676,USGS,14128600,74.96
Bonneville,2015-05-01,6140,USGS,14128600,75.01
Bonneville,2015-05-02,2940,USGS,14128600,75.66
Bonneville,2015-05-03,2613,USGS,14128600,75.26
Bonneville,2015-05-04,3198,USGS,14128600,74.7
Bonneville,2015-05-05,3199,USGS,14128600,73.53
Bonneville,2015-05-06,3013,USGS,14128600,73.2
Bonneville,2015-05-07,2694,USGS,14128600,73.48
Bonneville,2015-05-08,3065,USGS,14128600,74.02
Bonneville,2015-05-09,3468,USGS,14128600,73.9
Bonneville,2015-05-10,3792,USGS,14128600,74.08
Bonneville,2015-05-11,2743,USGS,14128600,74.09
Bonneville,2015-05-12,2196,USGS,14128600,73.7
Bonneville,2015-05-13,1597,USGS,14128600,73.38
Bonneville,2015-05-14,2181,USGS,14128600,73.47
Bonneville,2015-05-15,1392,USGS,14128600,73.6
Bonneville,2015-05-16,1865,USGS,14128600,74.06
Bonneville,2015-05-17,2122,USGS,14128600,74.48
Bonneville,2015-05-18,2168,USGS,14128600,73.89
Bonneville,2015-05-19,2316,USGS,14128600,73.47
Bonneville,2015-05-20,2209,USGS,14128600,73.49
Bonneville,2015-05-21,2527,USGS,14128600,73.35
Bonneville,2015-05-22,1615,USGS,14128600,73.49
Bonneville,2015-05-23,1450,USGS,14128600,73.9
Bonneville,2015-05-24,1575,USGS,14128600,74.47
Bonneville,2015-05-25,2148,USGS,14128600,74.62
Bonneville,2015-05-26,3077,USGS,14128600,74.29
Bonneville,2015-05-27,3079,USGS,14128600,74.7
Bonneville,2015-05-28,2295,USGS,14128600,74.39
Bonneville,2015-05-29,2584,USGS,14128600,74.24
Bonneville,2015-05-30,3131,USGS,14128600,74.59
Bonneville,2015-05-31,2946,USGS,14128600,76.27
Bonneville,2016-03-01,0,USGS,14128600,74.77
Bonneville,2016-03-02,2,USGS,14128600,74.5
Bonneville,2016-03-03,1,USGS,14128600,74.88
Bonneville,2016-03-04,4,USGS,14128600,75.96
Bonneville,2016-03-05,3,USGS,14128600,74.89
Bonneville,2016-03-06,1,USGS,14128600,75.39
Bonneville,2016-03-07,5,USGS,14128600,74.94
Bonneville,2016-03-08,2,USGS,14128600,74.21
Bonneville,2016-03-09,2,USGS,14128600,74.93
Bonneville,2016-03-10,2,USGS,14128600,75.35
Bonneville,2016-03-11,2,USGS,14128600,75.36
Bonneville,2016-03-12,2,USGS,14128600,74.91
Bonneville,2016-03-13,1,USGS,14128600,74.85
Bonneville,2016-03-14,1,USGS,14128600,75.21
Bonneville,2016-03-15,1,USGS,14128600,76.6
Bonneville,2016-03-16,8,USGS,14128600,75.43
Bonneville,2016-03-17,6,USGS,14128600,74.25
Bonneville,2016-03-18,1,USGS,14128600,74.59
Bonneville,2016-03-19,5,USGS,14128600,74.48
Bonneville,2016-03-20,7,USGS,14128600,74.54
Bonneville,2016-03-21,4,USGS,14128600,74.99
Bonneville,2016-03-22,2,USGS,14128600,74.93
Bonneville,2016-03-23,4,USGS,14128600,74.94
Bonneville,2016-03-24,6,USGS,14128600,74.89
Bonneville,2016-03-25,12,USGS,14128600,75.69
Bonneville,2016-03-26,13,USGS,14128600,75.24
Bonneville,2016-03-27,12,USGS,14128600,74.86
Bonneville,2016-03-28,27,USGS,14128600,74.85
Bonneville,2016-03-29,19,USGS,14128600,74.58
Bonneville,2016-03-30,24,USGS,14128600,74.56
Bonneville,2016-03-31,47,USGS,14128600,74.84
Bonneville,2016-04-01,54,USGS,14128600,74.94
Bonneville,2016-04-02,75,USGS,14128600,74.56
Bonneville,2016-04-03,90,USGS,14128600,75.01
Bonneville,2016-04-04,96,USGS,14128600,75.24
Bonneville,2016-04-05,154,USGS,14128600,75.32
Bonneville,2016-04-06,118,USGS,14128600,75.94
Bonneville,2016-04-07,100,USGS,14128600,76.12
Bonneville,2016-04-08,253,USGS,14128600,76.51
Bonneville,2016-04-09,285,USGS,14128600,75.15
Bonneville,2016-04-10,251,USGS,14128600,75.11
Bonneville,2016-04-11,469,USGS,14128600,74.26
Bonneville,2016-04-12,333,USGS,14128600,74.56
Bonneville,2016-04-13,495,USGS,14128600,74.75
Bonneville,2016-04-14,447,USGS,14128600,75.22
Bonneville,2016-04-15,466,USGS,14128600,76.77
Bonneville,2016-04-16,373,USGS,14128600,77.4
Bonneville,2016-04-17,279,USGS,14128600,76.85
Bonneville,2016-04-18,588,USGS,14128600,76.72
Bonneville,2016-04-19,550,USGS,14128600,76.68
Bonneville,2016-04-20,784,USGS,14128600,76.33
Bonneville,2016-04-21,2704,USGS,14128600,76.21
Bonneville,2016-04-22,3236,USGS,14128600,77.29
Bonneville,2016-04-23,1510,USGS,14128600,77.33
Bonneville,2016-04-24,1030,USGS,14128600,76.51
Bonneville,2016-04-25,1157,USGS,14128600,76.37
Bonneville,2016-04-26,849,USGS,14128600,76.13
Bonneville,2016-04-27,1050,USGS,14128600,75.7
Bonneville,2016-04-28,3084,USGS,14128600,76.25
Bonneville,2016-04-29,6695,USGS,14128600,77.0
Bonneville,2016-04-30,6728,USGS,14128600,76.96
Bonneville,2016-05-01,10155,USGS,14128600,75.83
Bonneville,2016-05-02,13907,USGS,14128600,75.68
Bonneville,2016-05-03,10860,USGS,14128600,75.24
Bonneville,2016-05-04,7461,USGS,14128600,75.68
Bonneville,2016-05-05,4079,USGS,14128600,76.05
Bonneville,2016-05-06,4250,USGS,14128600,76.18
Bonneville,2016-05-07,4456,USGS,14128600,75.96
Bonneville,2016-05-08,4058,USGS,14128600,76.09
Bonneville,2016-05-09,1793,USGS,14128600,76.13
Bonneville,2016-05-10,1452,USGS,14128600,76.96
Bonneville,2016-05-11,2482,USGS,14128600,76.04
Bonneville,2016-05-12,3409,USGS,14128600,75.38
Bonneville,2016-05-13,2644,USGS,14128600,76.07
Bonneville,2016-05-14,2068,USGS,14128600,75.59
Bonneville,2016-05-15,2036,USGS,14128600,76.01
Bonneville,2016-05-16,1855,USGS,14128600,76.31
Bonneville,2016-05-17,3166,USGS,14128600,76.18
Bonneville,2016-05-18,2963,USGS,14128600,75.76
Bonneville,2016-05-19,2295,USGS,14128600,75.75
Bonneville,2016-05-20,2265,USGS,14128600,76.2
Bonneville,2016-05-21,1148,USGS,14128600,75.56
Bonneville,2016-05-22,1239,USGS,14128600,74.59
Bonneville,2016-05-23,1344,USGS,14128600,74.95
Bonneville,2016-05-24,1506,USGS,14128600,75.44
Bonneville,2016-05-25,1518,USGS,14128600,75.24
Bonneville,2016-05-26,1606,USGS,14128600,74.9
Bonneville,2016-05-27,1529,USGS,14128600,75.72
Bonneville,2016-05-28,1146,USGS,14128600,75.23
Bonneville,2016-05-29,1151,USGS,14128600,75.07
Bonneville,2016-05-30,1427,USGS,14128600,75.5
Bonneville,2016-05-31,1407,USGS,14128600,75.66
Bonneville,2017-03-01,0,USGS,14128600,74.24
Bonneville,2017-03-02,0,USGS,14128600,73.95
Bonneville,2017-03-03,0,USGS,14128600,74.71
Bonneville,2017-03-04,0,USGS,14128600,75.81
Bonneville,2017-03-05,0,USGS,14128600,75.28
Bonneville,2017-03-06,0,USGS,14128600,74.13
Bonneville,2017-03-07,0,USGS,14128600,73.96
Bonneville,2017-03-08,1,USGS,14128600,75.02
Bonneville,2017-03-09,0,USGS,14128600,75.14
Bonneville,2017-03-10,2,USGS,14128600,75.53
Bonneville,2017-03-11,1,USGS,14128600,75.99
Bonneville,2017-03-12,2,USGS,14128600,76.66
Bonneville,2017-03-13,1,USGS,14128600,75.13
Bonneville,2017-03-14,0,USGS,14128600,75.56
Bonneville,2017-03-15,2,USGS,14128600,76.42
Bonneville,2017-03-16,0,USGS,14128600,76.83
Bonneville,2017-03-17,0,USGS,14128600,76.06
Bonneville,2017-03-18,2,USGS,14128600,77.49
Bonneville,2017-03-19,0,USGS,14128600,77.04
Bonneville,2017-03-20,0,USGS,14128600,76.23
Bonneville,2017-03-21,0,USGS,14128600,77.06
Bonneville,2017-03-22,0,USGS,14128600,76.79
Bonneville,2017-03-23,0,USGS,14128600,77.4
Bonneville,2017-03-24,0,USGS,14128600,77.56
Bonneville,2017-03-25,0,USGS,14128600,77.57
Bonneville,2017-03-26,0,USGS,14128600,77.73
Bonneville,2017-03-27,2,USGS,14128600,77.2
Bonneville,2017-03-28,0,USGS,14128600,76.77
Bonneville,2017-03-29,0,USGS,14128600,77.15
Bonneville,2017-03-30,0,USGS,14128600,77.96
Bonneville,2017-03-31,2,USGS,14128600,77.91
Bonneville,2017-04-01,1,USGS,14128600,77.7
Bonneville,2017-04-02,3,USGS,14128600,77.79
Bonneville,2017-04-03,2,USGS,14128600,77.95
Bonneville,2017-04-04,2,USGS,14128600,77.11
Bonneville,2017-04-05,14,USGS,14128600,77.1
Bonneville,2017-04-06,12,USGS,14128600,76.71
Bonneville,2017-04-07,32,USGS,14128600,75.95
Bonneville,2017-04-08,57,USGS,14128600,76.17
Bonneville,2017-04-09,62,USGS,14128600,76.33
Bonneville,2017-04-10,16,USGS,14128600,75.89
Bonneville,2017-04-11,38,USGS,14128600,76.25
Bonneville,2017-04-12,50,USGS,14128600,76.5
Bonneville,2017-04-13,47,USGS,14128600,76.33
Bonneville,2017-04-14,42,USGS,14128600,76.04
Bonneville,2017-04-15,38,USGS,14128600,75.72
Bonneville,2017-04-16,71,USGS,14128600,75.9
Bonneville,2017-04-17,78,USGS,14128600,75.97
Bonneville,2017-04-18,112,USGS,14128600,75.86
Bonneville,2017-04-19,103,USGS,14128600,75.6
Bonneville,2017-04-20,131,USGS,14128600,75.09
Bonneville,2017-04-21,170,USGS,14128600,75.97
Bonneville,2017-04-22,175,USGS,14128600,76.73
Bonneville,2017-04-23,245,USGS,14128600,76.29
Bonneville,2017-04-24,215,USGS,14128600,76.16
Bonneville,2017-04-25,341,USGS,14128600,75.93
Bonneville,2017-04-26,271,USGS,14128600,76.08
Bonneville,2017-04-27,196,USGS,14128600,76.59
Bonneville,2017-04-28,215,USGS,14128600,76.3
Bonneville,2017-04-29,230,USGS,14128600,76.63
Bonneville,2017-04-30,362,USGS,14128600,76.35
Bonneville,2017-05-01,469,USGS,14128600,75.43
Bonneville,2017-05-02,540,USGS,14128600,76.02
Bonneville,2017-05-03,836,USGS,14128600,75.96
Bonneville,2017-05-04,4057,USGS,14128600,75.77
Bonneville,2017-05-05,6177,USGS,14128600,75.59
Bonneville,2017-05-06,4342,USGS,14128600,76.23
Bonneville,2017-05-07,2544,USGS,14128600,77.3
Bonneville,2017-05-08,1651,USGS,14128600,77.68
Bonneville,2017-05-09,1234,USGS,14128600,77.28
Bonneville,2017-05-10,1008,USGS,14128600,77.12
Bonneville,2017-05-11,1284,USGS,14128600,77.22
Bonneville,2017-05-12,1634,USGS,14128600,77.13
Bonneville,2017-05-13,965,USGS,14128600,77.18
Bonneville,2017-05-14,1506,USGS,14128600,77.3
Bonneville,2017-05-15,2204,USGS,14128600,77.25
Bonneville,2017-05-16,2201,USGS,14128600,76.83
Bonneville,2017-05-17,1900,USGS,14128600,76.27
Bonneville,2017-05-18,1242,USGS,14128600,77.26
Bonneville,2017-05-19,1627,USGS,14128600,77.28
Bonneville,2017-05-20,4087,USGS,14128600,76.89
Bonneville,2017-05-21,5838,USGS,14128600,76.83
Bonneville,2017-05-22,6539,USGS,14128600,76.42
Bonneville,2017-05-23,5358,USGS,14128600,76.45
Bonneville,2017-05-24,3868,USGS,14128600,77.12
Bonneville,2017-05-25,2588,USGS,14128600,77.68
Bonneville,2017-05-26,2221,USGS,14128600,77.66
Bonneville,2017-05-27,3311,USGS,14128600,77.47
Bonneville,2017-05-28,3034,USGS,14128600,77.06
Bonneville,2017-05-29,2785,USGS,14128600,76.37
Bonneville,2017-05-30,1916,USGS,14128600,77.19
Bonneville,2017-05-31,1311,USGS,14128600,77.47
Bonneville,2018-03-01,0,USGS,14128600,75.01
Bonneville,2018-03-02,0,USGS,14128600,74.9
Bonneville,2018-03-03,0,USGS,14128600,74.6
Bonneville,2018-03-04,0,USGS,14128600,74.41
Bonneville,2018-03-05,0,USGS,14128600,74.44
Bonneville,2018-03-06,0,USGS,14128600,74.56
Bonneville,2018-03-07,0,USGS,14128600,74.09
Bonneville,2018-03-08,0,USGS,14128600,74.29
Bonneville,2018-03-09,1,USGS,14128600,74.18
Bonneville,2018-03-10,0,USGS,14128600,74.14
Bonneville,2018-03-11,0,USGS,14128600,74.1
Bonneville,2018-03-12,1,USGS,14128600,74.2
Bonneville,2018-03-13,0,USGS,14128600,74.26
Bonneville,2018-03-14,0,USGS,14128600,74.85
Bonneville,2018-03-15,0,USGS,14128600,74.56
Bonneville,2018-03-16,1,USGS,14128600,74.41
Bonneville,2018-03-17,0,USGS,14128600,74.26
Bonneville,2018-03-18,2,USGS,14128600,74.74
Bonneville,2018-03-19,1,USGS,14128600,75.14
Bonneville,2018-03-20,0,USGS,14128600,74.77
Bonneville,2018-03-21,1,USGS,14128600,74.64
Bonneville,2018-03-22,1,USGS,14128600,74.98
Bonneville,2018-03-23,1,USGS,14128600,74.77
Bonneville,2018-03-24,4,USGS,14128600,74.15
Bonneville,2018-03-25,0,USGS,14128600,73.86
Bonneville,2018-03-26,1,USGS,14128600,74.78
Bonneville,2018-03-27,0,USGS,14128600,74.6
Bonneville,2018-03-28,1,USGS,14128600,74.59
Bonneville,2018-03-29,1,USGS,14128600,74.31
Bonneville,2018-03-30,1,USGS,14128600,74.04
Bonneville,2018-03-31,3,USGS,14128600,74.05
Bonneville,2018-04-01,4,USGS,14128600,73.65
Bonneville,2018-04-02,3,USGS,14128600,73.95
Bonneville,2018-04-03,6,USGS,14128600,74.08
Bonneville,2018-04-04,3,USGS,14128600,74.47
Bonneville,2018-04-05,6,USGS,14128600,74.87
Bonneville,2018-04-06,27,USGS,14128600,75.19
Bonneville,2018-04-07,18,USGS,14128600,76.18
Bonneville,2018-04-08,6,USGS,14128600,76.48
Bonneville,2018-04-09,4,USGS,14128600,76.45
Bonneville,2018-04-10,2,USGS,14128600,76.28
Bonneville,2018-04-11,24,USGS,14128600,76.09
Bonneville,2018-04-12,14,USGS,14128600,75.33
Bonneville,2018-04-13,20,USGS,14128600,75.41
Bonneville,2018-04-14,27,USGS,14128600,75.94
Bonneville,2018-04-15,37,USGS,14128600,76.14
Bonneville,2018-04-16,27,USGS,14128600,75.69
Bonneville,2018-04-17,39,USGS,14128600,75.24
Bonneville,2018-04-18,27,USGS,14128600,75.68
Bonneville,2018-04-19,51,USGS,14128600,75.32
Bonneville,2018-04-20,38,USGS,14128600,75.22
Bonneville,2018-04-21,60,USGS,14128600,75.01
Bonneville,2018-04-22,86,USGS,14128600,75.14
Bonneville,2018-04-23,97,USGS,14128600,74.89
Bonneville,2018-04-24,167,USGS,14128600,74.85
Bonneville,2018-04-25,181,USGS,14128600,74.7
Bonneville,2018-04-26,283,USGS,14128600,75.12
Bonneville,2018-04-27,804,USGS,14128600,74.8
Bonneville,2018-04-28,1357,USGS,14128600,74.95
Bonneville,2018-04-29,1812,USGS,14128600,75.99
Bonneville,2018-04-30,1002,USGS,14128600,76.7
Bonneville,2018-05-01,633,USGS,14128600,76.29
Bonneville,2018-05-02,978,USGS,14128600,76.43
Bonneville,2018-05-03,2705,USGS,14128600,76.75
Bonneville,2018-05-04,4421,USGS,14128600,76.61
Bonneville,2018-05-05,5392,USGS,14128600,76.44
Bonneville,2018-05-06,5109,USGS,14128600,75.77
Bonneville,2018-05-07,7287,USGS,14128600,75.95
Bonneville,2018-05-08,5233,USGS,14128600,76.85
Bonneville,2018-05-09,2649,USGS,14128600,77.92
Bonneville,2018-05-10,1879,USGS,14128600,78.26
Bonneville,2018-05-11,1578,USGS,14128600,78.23
Bonneville,2018-05-12,852,USGS,14128600,78.02
Bonneville,2018-05-13,1274,USGS,14128600,78.26
Bonneville,2018-05-14,1840,USGS,14128600,77.97
Bonneville,2018-05-15,2962,USGS,14128600,78.68
Bonneville,2018-05-16,4572,USGS,14128600,78.45
Bonneville,2018-05-17,2736,USGS,14128600,78.08
Bonneville,2018-05-18,1487,USGS,14128600,77.93
Bonneville,2018-05-19,1514,USGS,14128600,77.56
Bonneville,2018-05-20,3124,USGS,14128600,78.16
Bonneville,2018-05-21,3760,USGS,14128600,78.41
Bonneville,2018-05-22,2616,USGS,14128600,78.62
Bonneville,2018-05-23,4009,USGS,14128600,78.92
Bonneville,2018-05-24,2738,USGS,14128600,78.81
Bonneville,2018-05-25,2237,USGS,14128600,78.55
Bonneville,2018-05-26,2017,USGS,14128600,78.56
Bonneville,2018-05-27,1134,USGS,14128600,78.43
Bonneville,2018-05-28,1297,USGS,14128600,77.87
Bonneville,2018-05-29,1411,USGS,14128600,77.57
Bonneville,2018-05-30,1106,USGS,14128600,78.26
Bonneville,2018-05-31,1090,USGS,14128600,77.9
Bonneville,2019-03-01,0,USGS,14128600,76.64
Bonneville,2019-03-02,0,USGS,14128600,75.13
Bonneville,2019-03-03,0,USGS,14128600,74.26
Bonneville,2019-03-04,0,USGS,14128600,74.27
Bonneville,2019-03-05,0,USGS,14128600,74.93
Bonneville,2019-03-06,0,USGS,14128600,75.8
Bonneville,2019-03-07,0,USGS,14128600,76.07
Bonneville,2019-03-08,0,USGS,14128600,75.39
Bonneville,2019-03-09,0,USGS,14128600,74.42
Bonneville,2019-03-10,0,USGS,14128600,73.6
Bonneville,2019-03-11,1,USGS,14128600,73.93
Bonneville,2019-03-12,0,USGS,14128600,74.26
Bonneville,2019-03-13,0,USGS,14128600,74.19
Bonneville,2019-03-14,0,USGS,14128600,73.89
Bonneville,2019-03-15,0,USGS,14128600,73.84
Bonneville,2019-03-16,2,USGS,14128600,73.47
Bonneville,2019-03-17,1,USGS,14128600,73.77
Bonneville,2019-03-18,0,USGS,14128600,74.6
Bonneville,2019-03-19,2,USGS,14128600,75.45
Bonneville,2019-03-20,0,USGS,14128600,75.72
Bonneville,2019-03-21,3,USGS,14128600,75.88
Bonneville,2019-03-22,1,USGS,14128600,75.74
Bonneville,2019-03-23,2,USGS,14128600,75.7
Bonneville,2019-03-24,0,USGS,14128600,75.27
Bonneville,2019-03-25,4,USGS,14128600,75.68
Bonneville,2019-03-26,1,USGS,14128600,75.13
Bonneville,2019-03-27,1,USGS,14128600,74.96
Bonneville,2019-03-28,4,USGS,14128600,74.8
Bonneville,2019-03-29,8,USGS,14128600,75.27
Bonneville,2019-03-30,2,USGS,14128600,75.02
Bonneville,2019-03-31,12,USGS,14128600,75.3
Bonneville,2019-04-01,4,USGS,14128600,75.44
Bonneville,2019-04-02,8,USGS,14128600,74.78
Bonneville,2019-04-03,28,USGS,14128600,74.64
Bonneville,2019-04-04,23,USGS,14128600,74.84
Bonneville,2019-04-05,15,USGS,14128600,75.13
Bonneville,2019-04-06,27,USGS,14128600,75.28
Bonneville,2019-04-07,20,USGS,14128600,75.82
Bonneville,2019-04-08,8,USGS,14128600,77.14
Bonneville,2019-04-09,7,USGS,14128600,77.08
Bonneville,2019-04-10,0,USGS,14128600,78.01
Bonneville,2019-04-11,5,USGS,14128600,78.56
Bonneville,2019-04-12,8,USGS,14128600,77.94
Bonneville,2019-04-13,1,USGS,14128600,76.91
Bonneville,2019-04-14,19,USGS,14128600,76.46
Bonneville,2019-04-15,12,USGS,14128600,75.83
Bonneville,2019-04-16,38,USGS,14128600,75.45
Bonneville,2019-04-17,54,USGS,14128600,75.9
Bonneville,2019-04-18,63,USGS,14128600,75.64
Bonneville,2019-04-19,88,USGS,14128600,75.18
Bonneville,2019-04-20,148,USGS,14128600,74.66
Bonneville,2019-04-21,235,USGS,14128600,74.9
Bonneville,2019-04-22,220,USGS,14128600,75.66
Bonneville,2019-04-23,175,USGS,14128600,76.07
Bonneville,2019-04-24,195,USGS,14128600,76.58
Bonneville,2019-04-25,161,USGS,14128600,76.89
Bonneville,2019-04-26,133,USGS,14128600,76.13
Bonneville,2019-04-27,356,USGS,14128600,76.12
Bonneville,2019-04-28,497,USGS,14128600,76.05
Bonneville,2019-04-29,745,USGS,14128600,75.89
Bonneville,2019-04-30,1368,USGS,14128600,75.19
Bonneville,2019-05-01,2488,USGS,14128600,75.64
Bonneville,2019-05-02,5051,USGS,14128600,75.35
Bonneville,2019-05-03,2592,USGS,14128600,75.82
Bonneville,2019-05-04,1606,USGS,14128600,75.9
Bonneville,2019-05-05,1565,USGS,14128600,75.53
Bonneville,2019-05-06,2259,USGS,14128600,75.33
Bonneville,2019-05-07,4807,USGS,14128600,75.65
Bonneville,2019-05-08,2736,USGS,14128600,75.63
Bonneville,2019-05-09,2209,USGS,14128600,75.83
Bonneville,2019-05-10,2422,USGS,14128600,75.73
Bonneville,2019-05-11,2449,USGS,14128600,75.89
Bonneville,2019-05-12,1773,USGS,14128600,76.05
Bonneville,2019-05-13,1753,USGS,14128600,75.75
Bonneville,2019-05-14,1266,USGS,14128600,76.14
Bonneville,2019-05-15,1297,USGS,14128600,76.34
Bonneville,2019-05-16,930,USGS,14128600,76.4
Bonneville,2019-05-17,1156,USGS,14128600,75.64
Bonneville,2019-05-18,1362,USGS,14128600,76.24
Bonneville,2019-05-19,1319,USGS,14128600,76.78
Bonneville,2019-05-20,908,USGS,14128600,77.01
Bonneville,2019-05-21,937,USGS,14128600,75.95
Bonneville,2019-05-22,802,USGS,14128600,75.62
Bonneville,2019-05-23,803,USGS,14128600,75.87
Bonneville,2019-05-24,689,USGS,14128600,75.36
Bonneville,2019-05-25,698,USGS,14128600,75.33
Bonneville,2019-05-26,699,USGS,14128600,75.84
Bonneville,2019-05-27,584,USGS,14128600,75.86
Bonneville,2019-05-28,632,USGS,14128600,75.57
Bonneville,2019-05-29,646,USGS,14128600,75.75
Bonneville,2019-05-30,684,USGS,14128600,75.88
Bonneville,2019-05-31,830,USGS,14128600,75.85
Bonneville,2020-03-01,1,USGS,14128600,75.46
Bonneville,2020-03-02,0,USGS,14128600,75.35
Bonneville,2020-03-03,1,USGS,14128600,75.32
Bonneville,2020-03-04,0,USGS,14128600,75.33
Bonneville,2020-03-05,1,USGS,14128600,75.19
Bonneville,2020-03-06,1,USGS,14128600,75.24
Bonneville,2020-03-07,1,USGS,14128600,75.29
Bonneville,2020-03-08,1,USGS,14128600,75.15
Bonneville,2020-03-09,1,USGS,14128600,75.0
Bonneville,2020-03-10,0,USGS,14128600,75.15
Bonneville,2020-03-11,3,USGS,14128600,74.8
Bonneville,2020-03-12,0,USGS,14128600,74.92
Bonneville,2020-03-13,2,USGS,14128600,75.65
Bonneville,2020-03-14,3,USGS,14128600,76.2
Bonneville,2020-03-15,0,USGS,14128600,75.59
Bonneville,2020-03-16,1,USGS,14128600,75.53
Bonneville,2020-03-17,3,USGS,14128600,75.94
Bonneville,2020-03-18,1,USGS,14128600,75.56
Bonneville,2020-03-19,1,USGS,14128600,74.35
Bonneville,2020-03-20,4,USGS,14128600,73.8
Bonneville,2020-03-21,3,USGS,14128600,73.25
Bonneville,2020-03-22,1,USGS,14128600,73.24
Bonneville,2020-03-23,0,USGS,14128600,73.49
Bonneville,2020-03-24,1,USGS,14128600,73.94
Bonneville,2020-03-25,2,USGS,14128600,73.79
Bonneville,2020-03-26,2,USGS,14128600,74.81
Bonneville,2020-03-27,1,USGS,14128600,74.68
Bonneville,2020-03-28,2,USGS,14128600,74.74
Bonneville,2020-03-29,7,USGS,14128600,74.82
Bonneville,2020-03-30,2,USGS,14128600,74.95
Bonneville,2020-03-31,5,USGS,14128600,74.82
Bonneville,2020-04-01,8,USGS,14128600,74.88
Bonneville,2020-04-02,7,USGS,14128600,75.27
Bonneville,2020-04-03,5,USGS,14128600,75.03
Bonneville,2020-04-04,6,USGS,14128600,74.58
Bonneville,2020-04-05,16,USGS,14128600,75.16
Bonneville,2020-04-06,29,USGS,14128600,75.37
Bonneville,2020-04-07,9,USGS,14128600,74.2
Bonneville,2020-04-08,36,USGS,14128600,75.04
Bonneville,2020-04-09,59,USGS,14128600,75.98
Bonneville,2020-04-10,73,USGS,14128600,75.96
Bonneville,2020-04-11,54,USGS,14128600,75.5
Bonneville,2020-04-12,98,USGS,14128600,75.68
Bonneville,2020-04-13,105,USGS,14128600,75.51
Bonneville,2020-04-14,105,USGS,14128600,74.71
Bonneville,2020-04-15,109,USGS,14128600,74.63
Bonneville,2020-04-16,163,USGS,14128600,75.44
Bonneville,2020-04-17,125,USGS,14128600,75.63
Bonneville,2020-04-18,108,USGS,14128600,75.18
Bonneville,2020-04-19,219,USGS,14128600,74.9
Bonneville,2020-04-20,241,USGS,14128600,74.6
Bonneville,2020-04-21,283,USGS,14128600,75.15
Bonneville,2020-04-22,383,USGS,14128600,75.21
Bonneville,2020-04-23,629,USGS,14128600,75.55
Bonneville,2020-04-24,380,USGS,14128600,75.72
Bonneville,2020-04-25,526,USGS,14128600,75.78
Bonneville,2020-04-26,709,USGS,14128600,75.71
Bonneville,2020-04-27,815,USGS,14128600,75.61
Bonneville,2020-04-28,1650,USGS,14128600,75.26
Bonneville,2020-04-29,1542,USGS,14128600,75.38
Bonneville,2020-04-30,1836,USGS,14128600,75.34
Bonneville,2020-05-01,2806,USGS,14128600,75.3
Bonneville,2020-05-02,1245,USGS,14128600,75.66
Bonneville,2020-05-03,1207,USGS,14128600,76.06
Bonneville,2020-05-04,2534,USGS,14128600,75.72
Bonneville,2020-05-05,2923,USGS,14128600,75.79
Bonneville,2020-05-06,2637,USGS,14128600,75.54
Bonneville,2020-05-07,1840,USGS,14128600,75.55
Bonneville,2020-05-08,1904,USGS,14128600,75.16
Bonneville,2020-05-09,2761,USGS,14128600,75.07
Bonneville,2020-05-10,3002,USGS,14128600,74.86
Bonneville,2020-05-11,1478,USGS,14128600,75.09
Bonneville,2020-05-12,886,USGS,14128600,75.4
Bonneville,2020-05-13,735,USGS,14128600,75.87
Bonneville,2020-05-14,743,USGS,14128600,75.98
Bonneville,2020-05-15,1248,USGS,14128600,75.16
Bonneville,2020-05-16,1121,USGS,14128600,75.4
Bonneville,2020-05-17,1915,USGS,14128600,75.21
Bonneville,2020-05-18,984,USGS,14128600,76.14
Bonneville,2020-05-19,675,USGS,14128600,76.13
Bonneville,2020-05-20,520,USGS,14128600,76.12
Bonneville,2020-05-21,689,USGS,14128600,76.22
Bonneville,2020-05-22,676,USGS,14128600,76.05
Bonneville,2020-05-23,1031,USGS,14128600,77.02
Bonneville,2020-05-24,1805,USGS,14128600,77.04
Bonneville,2020-05-25,750,USGS,14128600,76.51
Bonneville,2020-05-26,919,USGS,14128600,75.19
Bonneville,2020-05-27,1238,USGS,14128600,75.33
Bonneville,2020-05-28,1016,USGS,14128600,75.95
Bonneville,2020-05-29,1485,USGS,14128600,76.67
Bonneville,2020-05-30,1309,USGS,14128600,77.0
Bonneville,2020-05-31,1129,USGS,14128600,76.98
